age,gender,daily_social_media_hours,platform_usage,sleep_hours,screen_time_before_sleep,academic_performance,physical_activity,social_interaction_level,stress_level,anxiety_level,addiction_level,sleep_deficit,digital_overload,night_risk,mental_pressure,isolation_score,addiction_impact,lifestyle_imbalance
19,1,2.7,0,7.7,0.7,2.22,0.4,1,10,8,7,0.2999999999999998,3.4000000000000004,0.20999999999999985,18,3.4000000000000004,4.8999999999999995,3.0000000000000004
16,0,5.5,0,5.8,2.5,2.34,1.0,2,5,2,8,2.2,8.0,5.5,7,16.0,20.0,7.0
14,1,2.1,1,8.5,1.1,3.03,1.6,1,5,6,7,0.0,3.2,0.0,11,3.2,7.700000000000001,1.6
17,1,7.7,2,8.5,1.2,3.56,0.0,1,7,10,7,0.0,8.9,0.0,17,8.9,8.4,8.9
14,0,7.3,2,8.8,2.5,2.12,0.5,0,10,10,1,0.0,9.8,0.0,20,0.0,2.5,9.3
13,0,2.6,2,8.5,1.9,3.06,1.9,0,5,7,6,0.0,4.5,0.0,12,0.0,11.399999999999999,2.6
16,0,2.5,2,8.9,1.2,3.33,1.5,0,4,4,10,0.0,3.7,0.0,8,0.0,12.0,2.2
19,1,6.4,0,6.7,2.4,2.2,1.3,2,5,2,2,1.2999999999999998,8.8,3.1199999999999997,7,17.6,4.8,7.500000000000001
16,0,1.4,0,5.2,1.7,3.82,0.7,2,10,4,3,2.8,3.0999999999999996,4.76,14,6.199999999999999,5.1,2.3999999999999995
15,0,4.2,1,8.4,1.2,2.61,0.0,1,3,10,2,0.0,5.4,0.0,13,5.4,2.4,5.4
18,1,1.2,0,4.1,1.1,3.04,1.6,2,1,3,6,3.9000000000000004,2.3,4.290000000000001,4,4.6,6.6000000000000005,0.6999999999999997
18,0,2.8,1,7.4,1.0,3.73,1.9,2,7,3,6,0.5999999999999996,3.8,0.5999999999999996,10,7.6,6.0,1.9
13,1,1.6,1,4.2,1.5,3.72,1.7,1,10,1,10,3.8,3.1,5.699999999999999,11,3.1,15.0,1.4000000000000001
16,1,2.5,1,6.8,1.0,3.77,1.0,0,3,9,9,1.2000000000000002,3.5,1.2000000000000002,12,0.0,9.0,2.5
14,1,3.4,0,5.8,3.0,3.32,0.6,1,1,4,4,2.2,6.4,6.6000000000000005,5,6.4,12.0,5.800000000000001
17,1,5.9,1,7.4,1.7,2.5,0.7,0,6,7,1,0.5999999999999996,7.6000000000000005,1.0199999999999994,13,0.0,1.7,6.9
17,0,7.5,0,8.1,2.8,2.58,0.5,1,2,2,3,0.0,10.3,0.0,4,10.3,8.399999999999999,9.8
16,1,3.9,2,4.2,2.1,2.28,1.1,1,6,5,7,3.8,6.0,7.9799999999999995,11,6.0,14.700000000000001,4.9
16,1,7.6,0,6.1,0.8,3.09,1.3,2,8,4,4,1.9000000000000004,8.4,1.5200000000000005,12,16.8,3.2,7.1000000000000005
18,0,3.8,0,5.4,1.7,3.06,1.9,1,5,10,3,2.5999999999999996,5.5,4.419999999999999,15,5.5,5.1,3.6
14,0,1.7,0,8.7,0.7,3.98,0.8,0,1,1,1,0.0,2.4,0.0,2,0.0,0.7,1.5999999999999999
14,0,3.6,0,5.3,0.6,2.99,0.3,0,4,10,2,2.7,4.2,1.62,14,0.0,1.2,3.9000000000000004
13,1,7.9,2,6.0,2.7,2.85,0.3,2,9,10,3,2.0,10.600000000000001,5.4,19,21.200000000000003,8.100000000000001,10.3
16,1,5.8,0,8.9,1.1,2.08,1.9,1,8,5,9,0.0,6.9,0.0,13,6.9,9.9,5.0
14,0,3.0,2,8.3,2.7,3.9,0.7,0,3,1,5,0.0,5.7,0.0,4,0.0,13.5,5.0
14,1,1.2,0,5.2,2.2,2.19,1.9,1,9,9,4,2.8,3.4000000000000004,6.16,18,3.4000000000000004,8.8,1.5000000000000004
15,0,5.9,0,6.9,1.4,3.62,1.5,1,3,9,1,1.0999999999999996,7.300000000000001,1.5399999999999994,12,7.300000000000001,1.4,5.800000000000001
16,0,7.8,2,4.7,1.1,3.53,2.0,1,9,3,8,3.3,8.9,3.63,12,8.9,8.8,6.9
16,0,3.6,2,8.8,1.2,2.32,0.5,2,2,4,5,0.0,4.8,0.0,6,9.6,6.0,4.3
19,1,5.2,2,6.9,2.3,2.09,0.2,0,6,4,8,1.0999999999999996,7.5,2.529999999999999,10,0.0,18.4,7.3
13,1,7.8,2,5.9,1.5,3.31,1.9,0,10,1,10,2.0999999999999996,9.3,3.1499999999999995,11,0.0,15.0,7.4
18,0,2.8,2,7.0,2.9,3.91,1.1,1,9,9,1,1.0,5.699999999999999,2.9,18,5.699999999999999,2.9,4.6
15,0,1.3,2,7.6,0.6,3.46,1.9,2,1,1,4,0.40000000000000036,1.9,0.2400000000000002,2,3.8,2.4,0.0
18,0,2.5,1,6.4,2.4,2.63,0.7,2,2,2,5,1.5999999999999996,4.9,3.839999999999999,4,9.8,12.0,4.2
13,0,2.8,0,6.4,1.4,2.38,1.4,1,4,8,10,1.5999999999999996,4.199999999999999,2.2399999999999993,12,4.199999999999999,14.0,2.7999999999999994
15,0,6.9,2,8.3,2.4,3.34,1.2,0,2,4,9,0.0,9.3,0.0,6,0.0,21.599999999999998,8.100000000000001
13,1,4.6,2,7.3,1.6,2.91,0.4,2,10,5,7,0.7000000000000002,6.199999999999999,1.1200000000000003,15,12.399999999999999,11.200000000000001,5.799999999999999
18,1,5.6,0,8.0,2.4,2.95,0.0,2,2,10,3,0.0,8.0,0.0,12,16.0,7.199999999999999,8.0
18,0,3.7,0,7.9,2.7,3.11,0.3,1,6,6,5,0.09999999999999964,6.4,0.2699999999999991,12,6.4,13.5,6.1000000000000005
15,0,2.3,1,5.6,2.9,2.72,1.0,0,6,6,2,2.4000000000000004,5.199999999999999,6.960000000000001,12,0.0,5.8,4.199999999999999
17,0,2.2,0,7.2,0.5,2.38,1.2,1,10,4,8,0.7999999999999998,2.7,0.3999999999999999,14,2.7,4.0,1.5000000000000002
16,0,7.6,2,7.6,2.4,2.24,1.1,1,1,5,5,0.40000000000000036,10.0,0.9600000000000009,6,10.0,12.0,8.9
17,1,7.2,2,8.8,2.5,3.97,1.9,2,1,3,9,0.0,9.7,0.0,4,19.4,22.5,7.799999999999999
16,1,7.2,0,6.9,2.1,2.32,1.1,2,3,4,10,1.0999999999999996,9.3,2.309999999999999,7,18.6,21.0,8.200000000000001
15,1,3.4,0,8.0,1.0,2.31,1.0,0,4,7,6,0.0,4.4,0.0,11,0.0,6.0,3.4000000000000004
18,0,3.8,0,4.5,1.3,3.06,0.3,1,7,8,1,3.5,5.1,4.55,15,5.1,1.3,4.8
17,0,2.9,0,7.5,1.4,3.42,1.7,2,5,6,3,0.5,4.3,0.7,11,8.6,4.199999999999999,2.5999999999999996
18,1,3.1,1,5.7,2.9,3.1,0.6,1,9,4,2,2.3,6.0,6.669999999999999,13,6.0,5.8,5.4
17,0,7.5,2,5.4,2.3,3.44,0.4,1,7,9,7,2.5999999999999996,9.8,5.979999999999999,16,9.8,16.099999999999998,9.4
18,0,8.0,2,4.3,0.8,3.44,0.8,1,3,4,4,3.7,8.8,2.9600000000000004,7,8.8,3.2,8.0
15,0,3.1,2,4.2,2.4,3.41,0.2,2,3,7,5,3.8,5.5,9.12,10,11.0,12.0,5.3
16,0,5.2,2,8.1,2.1,2.67,1.7,1,9,10,10,0.0,7.300000000000001,0.0,19,7.300000000000001,21.0,5.6000000000000005
16,1,7.9,2,8.0,1.6,3.47,1.5,0,3,5,6,0.0,9.5,0.0,8,0.0,9.600000000000001,8.0
14,1,2.5,2,5.6,2.9,2.24,0.5,2,3,9,5,2.4000000000000004,5.4,6.960000000000001,12,10.8,14.5,4.9
13,1,2.1,1,4.1,1.6,2.12,1.8,0,10,9,6,3.9000000000000004,3.7,6.240000000000001,19,0.0,9.600000000000001,1.9000000000000001
18,0,1.8,0,7.8,2.0,2.67,0.8,2,4,6,3,0.20000000000000018,3.8,0.40000000000000036,10,7.6,6.0,3.0
17,0,5.5,0,6.0,2.8,3.4,0.0,1,2,3,8,2.0,8.3,5.6,5,8.3,22.4,8.3
18,1,1.8,0,4.9,2.7,2.12,0.2,2,1,3,8,3.0999999999999996,4.5,8.37,4,9.0,21.6,4.3
19,1,6.0,0,5.6,1.1,2.43,1.7,1,1,3,3,2.4000000000000004,7.1,2.6400000000000006,4,7.1,3.3000000000000003,5.3999999999999995
14,0,1.8,1,7.6,1.2,2.84,1.1,0,10,1,3,0.40000000000000036,3.0,0.4800000000000004,11,0.0,3.5999999999999996,1.9
17,1,2.7,1,7.5,1.5,3.23,1.4,2,5,7,3,0.5,4.2,0.75,12,8.4,4.5,2.8000000000000003
16,1,2.0,2,7.8,0.5,2.81,1.4,0,10,2,4,0.20000000000000018,2.5,0.10000000000000009,12,0.0,2.0,1.1
17,0,3.4,0,4.7,0.5,2.91,2.0,0,2,8,1,3.3,3.9,1.65,10,0.0,0.5,1.9
15,1,6.2,1,8.1,2.3,3.46,1.3,2,5,4,9,0.0,8.5,0.0,9,17.0,20.7,7.2
18,0,2.4,0,6.7,1.9,2.53,0.4,0,8,8,2,1.2999999999999998,4.3,2.4699999999999998,16,0.0,3.8,3.9
13,1,7.0,2,4.4,0.9,3.67,0.4,2,5,3,6,3.5999999999999996,7.9,3.2399999999999998,8,15.8,5.4,7.5
13,1,7.0,0,5.7,1.6,3.45,1.2,1,7,1,10,2.3,8.6,3.6799999999999997,8,8.6,16.0,7.3999999999999995
16,1,7.3,2,7.0,2.2,2.07,1.0,1,3,7,1,1.0,9.5,2.2,10,9.5,2.2,8.5
18,1,2.2,0,4.5,2.0,2.49,0.8,0,1,7,6,3.5,4.2,7.0,8,0.0,12.0,3.4000000000000004
19,0,3.6,0,5.6,1.7,3.57,1.5,2,10,4,3,2.4000000000000004,5.3,4.08,14,10.6,5.1,3.8
18,1,5.0,1,4.3,1.1,2.22,0.1,0,7,2,2,3.7,6.1,4.07,9,0.0,2.2,6.0
16,1,1.8,1,4.9,2.3,2.67,1.4,1,3,8,6,3.0999999999999996,4.1,7.129999999999999,11,4.1,13.799999999999999,2.6999999999999997
16,1,5.3,2,8.4,2.2,2.81,0.6,0,2,8,8,0.0,7.5,0.0,10,0.0,17.6,6.9
15,1,7.3,0,4.8,2.6,3.81,1.5,2,4,7,4,3.2,9.9,8.32,11,19.8,10.4,8.4
13,0,3.5,1,5.3,2.7,3.7,0.5,2,3,7,2,2.7,6.2,7.290000000000001,10,12.4,5.4,5.7
16,1,6.6,1,5.6,0.8,3.48,1.7,1,4,3,4,2.4000000000000004,7.3999999999999995,1.9200000000000004,7,7.3999999999999995,3.2,5.699999999999999
18,0,2.5,2,7.1,1.6,3.97,0.7,1,10,7,3,0.9000000000000004,4.1,1.4400000000000006,17,4.1,4.800000000000001,3.3999999999999995
14,0,4.7,2,4.4,2.1,3.92,0.9,2,10,1,4,3.5999999999999996,6.800000000000001,7.56,11,13.600000000000001,8.4,5.9
17,1,4.8,2,5.6,1.6,2.0,1.3,2,3,8,4,2.4000000000000004,6.4,3.8400000000000007,11,12.8,6.4,5.1000000000000005
13,1,7.9,1,7.1,0.7,2.8,0.3,1,6,8,8,0.9000000000000004,8.6,0.6300000000000002,14,8.6,5.6,8.299999999999999
13,1,3.2,2,5.1,1.6,2.87,1.8,1,4,9,8,2.9000000000000004,4.800000000000001,4.640000000000001,13,4.800000000000001,12.8,3.000000000000001
17,1,7.3,0,8.5,1.5,3.54,1.2,2,3,3,7,0.0,8.8,0.0,6,17.6,10.5,7.6000000000000005
13,1,2.7,0,6.9,1.4,2.87,1.5,2,2,6,3,1.0999999999999996,4.1,1.5399999999999994,8,8.2,4.199999999999999,2.5999999999999996
14,1,5.0,2,5.2,0.5,3.55,0.4,2,10,6,8,2.8,5.5,1.4,16,11.0,4.0,5.1
18,0,4.0,1,4.6,2.2,3.7,0.6,1,4,1,4,3.4000000000000004,6.2,7.480000000000001,5,6.2,8.8,5.6000000000000005
17,1,7.2,1,8.0,1.9,2.66,1.4,1,5,8,6,0.0,9.1,0.0,13,9.1,11.399999999999999,7.699999999999999
16,1,6.9,1,6.8,1.1,3.33,1.0,1,7,9,4,1.2000000000000002,8.0,1.3200000000000003,16,8.0,4.4,7.0
14,1,4.4,1,8.8,2.3,2.73,0.3,1,9,2,2,0.0,6.7,0.0,11,6.7,4.6,6.4
17,0,3.9,1,8.2,1.3,3.21,1.8,1,3,7,7,0.0,5.2,0.0,10,5.2,9.1,3.4000000000000004
17,1,1.5,0,8.0,0.5,3.01,0.4,1,10,2,3,0.0,2.0,0.0,12,2.0,1.5,1.6
15,0,2.8,1,7.7,1.0,3.73,0.5,1,6,10,1,0.2999999999999998,3.8,0.2999999999999998,16,3.8,1.0,3.3
15,0,5.7,1,6.1,0.7,3.08,0.6,1,5,9,7,1.9000000000000004,6.4,1.33,14,6.4,4.8999999999999995,5.800000000000001
18,0,4.5,0,7.9,1.4,2.38,0.1,0,7,9,1,0.09999999999999964,5.9,0.13999999999999949,16,0.0,1.4,5.800000000000001
15,1,1.9,2,5.8,2.3,2.47,0.3,0,10,9,4,2.2,4.199999999999999,5.06,19,0.0,9.2,3.8999999999999995
16,0,7.4,2,5.5,1.8,2.13,0.3,0,7,9,9,2.5,9.200000000000001,4.5,16,0.0,16.2,8.9
17,1,2.5,0,6.7,2.0,2.56,1.7,0,5,7,5,1.2999999999999998,4.5,2.5999999999999996,12,0.0,10.0,2.8
19,1,5.3,1,6.7,0.7,3.59,1.8,0,4,8,8,1.2999999999999998,6.0,0.9099999999999998,12,0.0,5.6,4.2
16,1,7.9,1,8.7,2.5,2.29,0.7,0,7,7,4,0.0,10.4,0.0,14,0.0,10.0,9.700000000000001
17,0,1.1,2,6.8,0.6,2.28,1.6,1,9,3,7,1.2000000000000002,1.7000000000000002,0.7200000000000001,12,1.7000000000000002,4.2,0.10000000000000009
16,0,2.1,1,4.8,1.3,2.29,1.8,0,6,9,2,3.2,3.4000000000000004,4.16,15,0.0,2.6,1.6000000000000003
15,0,5.7,1,7.2,2.4,2.18,1.6,1,5,1,7,0.7999999999999998,8.1,1.9199999999999995,6,8.1,16.8,6.5
18,1,4.5,2,4.1,1.9,3.42,0.1,1,6,7,8,3.9000000000000004,6.4,7.41,13,6.4,15.2,6.300000000000001
14,1,2.7,1,8.4,1.3,2.01,0.6,2,6,3,8,0.0,4.0,0.0,9,8.0,10.4,3.4
19,1,6.8,1,8.4,2.1,3.15,2.0,1,4,10,1,0.0,8.9,0.0,14,8.9,2.1,6.9
19,1,5.3,2,8.4,0.6,3.08,0.4,1,9,4,6,0.0,5.8999999999999995,0.0,13,5.8999999999999995,3.5999999999999996,5.499999999999999
16,0,1.0,0,4.1,1.3,2.22,0.4,2,2,1,8,3.9000000000000004,2.3,5.07,3,4.6,10.4,1.9
14,1,7.6,1,5.8,1.9,3.49,1.7,0,10,1,3,2.2,9.5,4.18,11,0.0,5.699999999999999,7.8
19,0,4.0,2,6.5,2.4,3.67,0.6,2,4,6,4,1.5,6.4,3.5999999999999996,10,12.8,9.6,5.800000000000001
13,1,7.8,1,5.0,1.8,3.57,1.5,1,8,10,3,3.0,9.6,5.4,18,9.6,5.4,8.1
13,0,1.5,0,7.2,2.5,2.15,1.3,1,4,6,2,0.7999999999999998,4.0,1.9999999999999996,10,4.0,5.0,2.7
16,1,7.0,2,7.4,2.6,2.92,1.0,1,10,6,3,0.5999999999999996,9.6,1.5599999999999992,16,9.6,7.800000000000001,8.6
19,1,2.1,2,5.2,2.5,3.1,0.3,2,9,9,3,2.8,4.6,7.0,18,9.2,7.5,4.3
16,1,7.6,2,4.3,2.7,2.51,0.3,1,3,9,10,3.7,10.3,9.990000000000002,12,10.3,27.0,10.0
17,1,2.4,2,8.5,2.4,2.79,1.1,2,1,6,7,0.0,4.8,0.0,7,9.6,16.8,3.6999999999999997
15,0,7.9,2,4.7,1.5,3.3,0.0,2,5,8,5,3.3,9.4,4.949999999999999,13,18.8,7.5,9.4
19,0,7.6,0,5.4,1.9,2.56,1.4,2,2,7,9,2.5999999999999996,9.5,4.9399999999999995,9,19.0,17.099999999999998,8.1
13,1,3.5,2,5.8,1.2,2.44,1.5,1,4,1,8,2.2,4.7,2.64,5,4.7,9.6,3.2
14,1,2.1,2,5.0,1.4,2.96,1.1,2,7,1,9,3.0,3.5,4.199999999999999,8,7.0,12.6,2.4
13,0,7.8,1,7.4,1.7,2.76,1.1,2,10,1,4,0.5999999999999996,9.5,1.0199999999999994,11,19.0,6.8,8.4
16,0,2.6,2,8.8,1.7,2.39,1.0,1,5,2,6,0.0,4.3,0.0,7,4.3,10.2,3.3
15,1,7.4,0,5.9,2.6,2.89,1.9,1,7,3,8,2.0999999999999996,10.0,5.459999999999999,10,10.0,20.8,8.1
18,1,2.0,2,8.4,1.5,2.83,1.2,2,9,4,5,0.0,3.5,0.0,13,7.0,7.5,2.3
16,0,3.4,1,5.3,1.8,3.33,0.3,2,9,2,4,2.7,5.2,4.86,11,10.4,7.2,4.9
16,0,7.5,0,4.0,0.5,3.72,1.1,1,4,5,7,4.0,8.0,2.0,9,8.0,3.5,6.9
18,0,7.0,0,8.9,0.7,2.79,0.4,1,2,10,8,0.0,7.7,0.0,12,7.7,5.6,7.3
15,0,4.6,0,8.6,2.0,3.01,0.0,2,1,8,3,0.0,6.6,0.0,9,13.2,6.0,6.6
18,0,5.5,0,8.2,0.5,3.15,1.2,1,8,7,7,0.0,6.0,0.0,15,6.0,3.5,4.8
15,1,2.3,0,7.8,3.0,2.3,1.4,1,4,9,10,0.20000000000000018,5.3,0.6000000000000005,13,5.3,30.0,3.9
13,0,1.2,2,8.0,2.8,2.18,1.1,0,5,8,5,0.0,4.0,0.0,13,0.0,14.0,2.9
14,1,5.3,0,9.0,2.8,3.1,1.6,0,10,7,6,0.0,8.1,0.0,17,0.0,16.799999999999997,6.5
13,1,5.9,1,7.5,1.4,2.58,1.2,2,6,2,8,0.5,7.300000000000001,0.7,8,14.600000000000001,11.2,6.1000000000000005
14,1,4.9,1,5.5,1.6,2.85,0.4,2,8,1,8,2.5,6.5,4.0,9,13.0,12.8,6.1
19,0,7.9,1,5.7,2.4,3.59,1.9,0,1,9,9,2.3,10.3,5.52,10,0.0,21.599999999999998,8.4
18,0,6.3,2,4.8,1.2,2.91,1.3,1,9,10,3,3.2,7.5,3.84,19,7.5,3.5999999999999996,6.2
15,0,4.8,2,7.3,1.9,2.76,0.9,0,2,10,1,0.7000000000000002,6.699999999999999,1.3300000000000003,12,0.0,1.9,5.799999999999999
13,1,4.3,1,4.4,0.7,3.19,0.3,2,6,2,6,3.5999999999999996,5.0,2.5199999999999996,8,10.0,4.199999999999999,4.7
19,1,1.8,1,6.5,2.6,2.75,1.7,0,7,6,1,1.5,4.4,3.9000000000000004,13,0.0,2.6,2.7
19,0,2.8,1,5.9,1.5,2.85,0.6,0,10,9,4,2.0999999999999996,4.3,3.1499999999999995,19,0.0,6.0,3.6999999999999997
16,0,3.6,0,4.4,2.4,2.53,0.7,1,1,7,5,3.5999999999999996,6.0,8.639999999999999,8,6.0,12.0,5.3
15,0,2.7,2,7.6,2.5,2.37,1.9,0,1,8,7,0.40000000000000036,5.2,1.0000000000000009,9,0.0,17.5,3.3000000000000003
18,0,4.6,2,7.3,2.8,3.22,0.6,0,1,3,6,0.7000000000000002,7.3999999999999995,1.9600000000000004,4,0.0,16.799999999999997,6.8
19,1,7.7,2,8.4,2.8,3.43,0.2,1,7,6,6,0.0,10.5,0.0,13,10.5,16.799999999999997,10.3
15,0,7.3,0,7.6,1.9,2.31,0.8,1,8,7,5,0.40000000000000036,9.2,0.7600000000000007,15,9.2,9.5,8.399999999999999
15,1,7.7,1,8.0,1.3,3.78,1.1,1,1,6,5,0.0,9.0,0.0,7,9.0,6.5,7.9
17,0,2.8,0,6.2,2.4,2.58,0.4,0,4,10,9,1.7999999999999998,5.199999999999999,4.319999999999999,14,0.0,21.599999999999998,4.799999999999999
15,0,3.9,1,6.4,1.7,2.87,1.8,0,6,6,6,1.5999999999999996,5.6,2.7199999999999993,12,0.0,10.2,3.8
15,1,6.2,2,6.3,1.7,2.26,1.1,0,9,6,2,1.7000000000000002,7.9,2.89,15,0.0,3.4,6.800000000000001
17,1,4.4,0,8.2,2.7,3.13,0.3,1,3,1,2,0.0,7.1000000000000005,0.0,4,7.1000000000000005,5.4,6.800000000000001
13,1,5.4,1,6.5,0.8,3.17,0.3,1,10,3,3,1.5,6.2,1.2000000000000002,13,6.2,2.4000000000000004,5.9
15,0,3.8,1,4.4,1.9,2.04,0.5,1,4,9,7,3.5999999999999996,5.699999999999999,6.839999999999999,13,5.699999999999999,13.299999999999999,5.199999999999999
13,1,1.3,1,5.7,1.1,3.74,1.3,2,9,5,10,2.3,2.4000000000000004,2.53,14,4.800000000000001,11.0,1.1000000000000003
18,1,1.8,2,5.2,1.4,2.68,0.1,0,6,2,10,2.8,3.2,3.9199999999999995,8,0.0,14.0,3.1
17,0,5.6,1,5.3,1.7,2.77,0.9,1,8,4,8,2.7,7.3,4.59,12,7.3,13.6,6.3999999999999995
13,0,3.0,1,7.0,0.9,2.73,1.7,0,5,6,9,1.0,3.9,0.9,11,0.0,8.1,2.2
19,0,4.1,0,6.4,1.4,2.26,1.6,0,2,3,6,1.5999999999999996,5.5,2.2399999999999993,5,0.0,8.399999999999999,3.9
13,0,3.6,2,8.7,0.8,2.41,1.3,2,4,6,8,0.0,4.4,0.0,10,8.8,6.4,3.1000000000000005
18,1,1.2,1,6.4,1.3,3.03,1.0,2,5,9,10,1.5999999999999996,2.5,2.0799999999999996,14,5.0,13.0,1.5
19,1,5.3,1,4.7,2.8,2.82,0.3,0,1,9,6,3.3,8.1,9.239999999999998,10,0.0,16.799999999999997,7.8
15,1,5.3,0,7.3,1.9,2.51,1.4,0,10,4,2,0.7000000000000002,7.199999999999999,1.3300000000000003,14,0.0,3.8,5.799999999999999
16,1,4.9,1,6.8,1.0,3.18,1.9,0,7,4,8,1.2000000000000002,5.9,1.2000000000000002,11,0.0,8.0,4.0
18,0,1.7,1,8.5,1.0,3.32,1.3,1,1,1,7,0.0,2.7,0.0,2,2.7,7.0,1.4000000000000001
18,1,4.5,1,8.1,1.6,3.72,1.2,2,1,2,1,0.0,6.1,0.0,3,12.2,1.6,4.8999999999999995
14,1,5.0,0,4.3,1.1,3.8,0.4,1,9,4,10,3.7,6.1,4.07,13,6.1,11.0,5.699999999999999
19,1,1.5,2,5.8,1.1,3.29,1.7,0,6,4,2,2.2,2.6,2.4200000000000004,10,0.0,2.2,0.9000000000000001
14,0,4.4,0,7.3,2.7,3.3,1.1,2,2,1,9,0.7000000000000002,7.1000000000000005,1.8900000000000006,3,14.200000000000001,24.3,6.0
14,0,4.1,2,5.4,2.4,2.71,1.3,2,9,5,10,2.5999999999999996,6.5,6.239999999999999,14,13.0,24.0,5.2
18,1,2.5,1,4.2,1.4,3.9,0.7,0,5,2,3,3.8,3.9,5.319999999999999,7,0.0,4.199999999999999,3.2
13,1,1.1,2,7.1,1.8,2.55,0.8,0,5,5,10,0.9000000000000004,2.9000000000000004,1.6200000000000008,10,0.0,18.0,2.1000000000000005
14,0,1.2,2,8.5,2.3,3.91,1.8,0,1,8,1,0.0,3.5,0.0,9,0.0,2.3,1.7
14,0,2.0,1,4.7,1.1,2.51,0.0,0,2,9,4,3.3,3.1,3.63,11,0.0,4.4,3.1
18,0,2.4,1,6.3,1.3,3.05,1.7,2,2,9,5,1.7000000000000002,3.7,2.2100000000000004,11,7.4,6.5,2.0
19,0,1.5,1,8.4,3.0,2.46,1.5,0,1,7,6,0.0,4.5,0.0,8,0.0,18.0,3.0
13,0,7.1,0,6.5,1.6,2.03,0.3,1,1,10,6,1.5,8.7,2.4000000000000004,11,8.7,9.600000000000001,8.399999999999999
18,0,4.5,1,4.0,2.9,3.15,1.9,1,8,6,5,4.0,7.4,11.6,14,7.4,14.5,5.5
15,1,7.0,0,8.7,3.0,2.84,1.4,1,5,3,2,0.0,10.0,0.0,8,10.0,6.0,8.6
15,0,2.0,1,4.7,1.3,3.55,1.3,2,2,6,5,3.3,3.3,4.29,8,6.6,6.5,1.9999999999999998
19,0,2.4,1,4.2,1.2,3.87,1.3,2,1,9,5,3.8,3.5999999999999996,4.56,10,7.199999999999999,6.0,2.3
14,0,7.0,2,7.8,1.1,3.81,1.4,1,10,4,2,0.20000000000000018,8.1,0.22000000000000022,14,8.1,2.2,6.699999999999999
15,0,1.8,1,8.0,2.8,3.49,0.6,2,9,8,8,0.0,4.6,0.0,17,9.2,22.4,3.9999999999999996
19,0,4.3,1,5.9,2.1,2.85,1.7,0,9,9,8,2.0999999999999996,6.4,4.409999999999999,18,0.0,16.8,4.7
15,0,2.7,0,6.5,1.6,2.14,0.4,0,6,6,6,1.5,4.300000000000001,2.4000000000000004,12,0.0,9.600000000000001,3.900000000000001
13,1,5.3,1,6.0,1.0,2.92,0.7,0,3,8,5,2.0,6.3,2.0,11,0.0,5.0,5.6
13,0,7.2,1,8.1,2.1,2.52,0.4,1,3,3,7,0.0,9.3,0.0,6,9.3,14.700000000000001,8.9
14,1,5.6,0,4.5,1.4,2.44,1.2,2,5,10,9,3.5,7.0,4.8999999999999995,15,14.0,12.6,5.8
19,1,3.2,1,6.2,2.6,3.72,1.9,0,9,5,7,1.7999999999999998,5.800000000000001,4.68,14,0.0,18.2,3.900000000000001
19,1,7.0,1,8.9,2.8,2.84,0.4,0,6,8,6,0.0,9.8,0.0,14,0.0,16.799999999999997,9.4
17,1,6.7,1,7.6,2.4,3.59,0.4,1,9,5,5,0.40000000000000036,9.1,0.9600000000000009,14,9.1,12.0,8.7
14,0,4.4,0,4.2,2.6,2.28,1.3,1,8,10,4,3.8,7.0,9.879999999999999,18,7.0,10.4,5.7
17,1,3.8,0,5.7,2.0,3.01,1.0,2,1,3,1,2.3,5.8,4.6,4,11.6,2.0,4.8
13,1,5.9,1,8.0,2.8,3.21,1.6,1,2,8,8,0.0,8.7,0.0,10,8.7,22.4,7.1
13,0,3.5,2,5.2,2.5,2.57,1.1,0,1,6,3,2.8,6.0,7.0,7,0.0,7.5,4.9
19,0,6.7,1,7.3,2.8,2.26,1.4,0,7,6,8,0.7000000000000002,9.5,1.9600000000000004,13,0.0,22.4,8.1
16,0,4.2,2,6.3,1.2,3.72,1.9,2,5,3,7,1.7000000000000002,5.4,2.04,8,10.8,8.4,3.5000000000000004
18,0,2.3,1,8.7,0.6,2.76,1.9,0,4,8,7,0.0,2.9,0.0,12,0.0,4.2,1.0
17,0,6.6,0,8.0,1.9,2.86,0.4,1,4,8,5,0.0,8.5,0.0,12,8.5,9.5,8.1
17,0,6.7,1,4.3,0.6,3.76,0.0,2,2,1,7,3.7,7.3,2.22,3,14.6,4.2,7.3
14,0,1.3,2,7.5,1.4,3.85,1.6,1,10,8,7,0.5,2.7,0.7,18,2.7,9.799999999999999,1.1
17,1,2.0,0,4.5,1.7,2.65,0.0,1,9,4,2,3.5,3.7,5.95,13,3.7,3.4,3.7
14,1,3.4,1,4.6,2.0,2.27,1.9,0,7,10,6,3.4000000000000004,5.4,6.800000000000001,17,0.0,12.0,3.5000000000000004
19,0,4.2,1,7.1,2.5,3.91,1.5,0,6,8,9,0.9000000000000004,6.7,2.250000000000001,14,0.0,22.5,5.2
15,0,4.5,0,5.4,1.2,3.76,1.7,0,1,8,7,2.5999999999999996,5.7,3.1199999999999997,9,0.0,8.4,4.0
19,0,1.9,0,6.2,0.9,2.47,1.4,2,5,6,7,1.7999999999999998,2.8,1.6199999999999999,11,5.6,6.3,1.4
18,0,3.1,0,6.8,2.0,3.77,1.4,2,1,3,4,1.2000000000000002,5.1,2.4000000000000004,4,10.2,8.0,3.6999999999999997
18,1,3.2,2,5.1,1.2,3.54,1.3,2,6,2,8,2.9000000000000004,4.4,3.4800000000000004,8,8.8,9.6,3.1000000000000005
16,1,3.6,1,6.6,0.7,2.25,1.9,2,4,1,8,1.4000000000000004,4.3,0.9800000000000002,5,8.6,5.6,2.4
13,1,2.2,0,5.8,2.0,3.63,1.9,2,4,4,10,2.2,4.2,4.4,8,8.4,20.0,2.3000000000000003
16,0,6.0,0,4.1,2.4,2.61,1.1,0,1,6,3,3.9000000000000004,8.4,9.360000000000001,7,0.0,7.199999999999999,7.300000000000001
18,0,5.1,2,7.4,1.3,3.5,1.6,0,1,5,5,0.5999999999999996,6.3999999999999995,0.7799999999999996,6,0.0,6.5,4.799999999999999
16,1,1.9,1,7.8,2.1,2.26,0.3,0,7,7,5,0.20000000000000018,4.0,0.4200000000000004,14,0.0,10.5,3.7
19,1,1.5,1,7.3,2.7,2.61,0.9,2,5,7,10,0.7000000000000002,4.2,1.8900000000000006,12,8.4,27.0,3.3000000000000003
16,1,7.4,0,7.2,1.8,2.11,1.4,1,3,7,3,0.7999999999999998,9.200000000000001,1.4399999999999997,10,9.200000000000001,5.4,7.800000000000001
13,1,5.8,2,7.2,1.1,2.69,0.4,2,7,3,7,0.7999999999999998,6.9,0.8799999999999999,10,13.8,7.700000000000001,6.5
13,0,6.5,2,8.3,0.6,3.05,0.3,0,2,7,8,0.0,7.1,0.0,9,0.0,4.8,6.8
13,0,7.9,2,4.1,1.6,2.74,0.9,1,9,3,5,3.9000000000000004,9.5,6.240000000000001,12,9.5,8.0,8.6
17,0,7.3,0,7.8,1.1,2.03,1.1,2,3,10,6,0.20000000000000018,8.4,0.22000000000000022,13,16.8,6.6000000000000005,7.300000000000001
14,1,1.4,0,4.5,1.4,3.17,1.7,0,9,10,9,3.5,2.8,4.8999999999999995,19,0.0,12.6,1.0999999999999999
18,0,2.9,1,8.4,2.6,2.57,1.8,1,4,1,3,0.0,5.5,0.0,5,5.5,7.800000000000001,3.7
16,1,1.7,2,4.9,0.6,3.38,1.1,1,10,4,6,3.0999999999999996,2.3,1.8599999999999997,14,2.3,3.5999999999999996,1.1999999999999997
19,1,4.0,1,7.8,0.6,3.61,1.7,0,2,7,9,0.20000000000000018,4.6,0.1200000000000001,9,0.0,5.3999999999999995,2.8999999999999995
15,1,4.0,0,8.8,1.3,3.59,1.9,1,10,6,10,0.0,5.3,0.0,16,5.3,13.0,3.4
14,0,7.0,1,4.5,1.6,2.83,0.4,1,8,1,7,3.5,8.6,5.6000000000000005,9,8.6,11.200000000000001,8.2
16,0,6.0,0,8.7,1.5,3.76,0.1,1,2,5,4,0.0,7.5,0.0,7,7.5,6.0,7.4
19,1,6.0,1,4.2,0.9,2.41,0.8,1,7,9,9,3.8,6.9,3.42,16,6.9,8.1,6.1000000000000005
17,0,4.1,1,8.6,3.0,2.77,0.1,1,3,6,1,0.0,7.1,0.0,9,7.1,3.0,7.0
18,1,5.3,0,8.2,1.9,3.87,1.9,2,2,9,8,0.0,7.199999999999999,0.0,11,14.399999999999999,15.2,5.299999999999999
13,0,7.9,1,7.2,1.5,2.36,0.2,1,2,6,8,0.7999999999999998,9.4,1.1999999999999997,8,9.4,12.0,9.200000000000001
14,1,1.4,0,7.0,1.8,2.69,0.9,2,10,4,2,1.0,3.2,1.8,14,6.4,3.6,2.3000000000000003
17,1,1.3,0,8.3,1.0,3.95,1.2,1,4,1,1,0.0,2.3,0.0,5,2.3,1.0,1.0999999999999999
16,0,7.5,2,7.8,1.3,2.73,1.5,1,4,5,8,0.20000000000000018,8.8,0.26000000000000023,9,8.8,10.4,7.300000000000001
19,1,6.3,2,5.7,1.4,2.03,1.1,2,4,6,1,2.3,7.699999999999999,3.2199999999999998,10,15.399999999999999,1.4,6.6
17,0,2.2,2,6.5,3.0,2.49,0.2,1,5,8,4,1.5,5.2,4.5,13,5.2,12.0,5.0
17,0,6.3,1,4.0,1.0,2.43,1.2,0,1,10,9,4.0,7.3,4.0,11,0.0,9.0,6.1
13,1,5.9,2,6.6,2.6,3.58,1.6,1,7,7,10,1.4000000000000004,8.5,3.640000000000001,14,8.5,26.0,6.9
13,1,1.3,2,7.8,2.6,3.01,0.3,2,2,9,10,0.20000000000000018,3.9000000000000004,0.5200000000000005,11,7.800000000000001,26.0,3.6000000000000005
15,1,6.5,0,6.2,1.2,3.19,0.0,1,6,5,2,1.7999999999999998,7.7,2.1599999999999997,11,7.7,2.4,7.7
13,0,4.4,1,5.5,2.7,3.17,0.3,2,5,1,5,2.5,7.1000000000000005,6.75,6,14.200000000000001,13.5,6.800000000000001
18,1,4.6,0,4.3,2.9,2.95,0.6,1,7,9,8,3.7,7.5,10.73,16,7.5,23.2,6.9
15,0,4.5,1,7.7,0.9,2.61,1.1,1,9,10,4,0.2999999999999998,5.4,0.26999999999999985,19,5.4,3.6,4.300000000000001
16,1,7.2,0,7.7,2.5,2.56,1.7,0,8,7,6,0.2999999999999998,9.7,0.7499999999999996,15,0.0,15.0,7.999999999999999
17,0,2.9,2,4.5,0.9,3.71,0.1,2,1,6,4,3.5,3.8,3.15,7,7.6,3.6,3.6999999999999997
15,0,7.3,1,4.1,2.1,2.87,0.4,2,10,10,1,3.9000000000000004,9.4,8.190000000000001,20,18.8,2.1,9.0
14,0,6.1,1,5.7,2.0,3.9,1.0,2,8,4,6,2.3,8.1,4.6,12,16.2,12.0,7.1
17,0,7.1,1,5.6,0.6,3.07,1.0,1,1,3,7,2.4000000000000004,7.699999999999999,1.4400000000000002,4,7.699999999999999,4.2,6.699999999999999
17,0,6.7,0,7.9,1.4,3.91,0.4,0,3,3,1,0.09999999999999964,8.1,0.13999999999999949,6,0.0,1.4,7.699999999999999
17,0,2.5,1,4.4,2.0,3.29,0.7,2,4,6,5,3.5999999999999996,4.5,7.199999999999999,10,9.0,10.0,3.8
13,1,6.2,1,8.6,1.8,2.19,0.7,0,8,4,7,0.0,8.0,0.0,12,0.0,12.6,7.3
18,0,7.2,2,7.7,1.2,3.7,0.1,2,6,3,9,0.2999999999999998,8.4,0.35999999999999976,9,16.8,10.799999999999999,8.3
18,0,4.5,1,7.0,2.7,2.89,1.8,0,1,1,2,1.0,7.2,2.7,2,0.0,5.4,5.4
18,0,5.2,0,7.1,1.9,2.87,1.7,1,5,8,6,0.9000000000000004,7.1,1.7100000000000006,13,7.1,11.399999999999999,5.3999999999999995
18,1,5.7,2,8.0,2.5,3.4,0.1,2,5,2,1,0.0,8.2,0.0,7,16.4,2.5,8.1
14,1,4.1,2,5.1,2.0,3.51,0.7,0,2,9,1,2.9000000000000004,6.1,5.800000000000001,11,0.0,2.0,5.3999999999999995
19,1,6.6,2,8.8,0.9,3.84,0.3,0,10,10,6,0.0,7.5,0.0,20,0.0,5.4,7.2
14,0,6.2,2,5.1,1.5,3.85,0.2,0,3,4,10,2.9000000000000004,7.7,4.3500000000000005,7,0.0,15.0,7.5
17,0,3.8,1,8.4,0.9,3.6,1.9,0,1,2,2,0.0,4.7,0.0,3,0.0,1.8,2.8000000000000003
15,0,5.2,1,6.7,3.0,3.18,0.6,2,9,7,9,1.2999999999999998,8.2,3.8999999999999995,16,16.4,27.0,7.6
14,1,1.5,0,6.8,0.8,3.14,0.0,1,4,5,8,1.2000000000000002,2.3,0.9600000000000002,9,2.3,6.4,2.3
13,0,3.3,2,6.4,1.0,2.49,1.0,2,9,2,4,1.5999999999999996,4.3,1.5999999999999996,11,8.6,4.0,3.3
14,0,1.2,0,7.0,2.2,3.83,0.8,2,6,10,5,1.0,3.4000000000000004,2.2,16,6.800000000000001,11.0,2.6000000000000005
14,0,4.7,1,5.1,2.2,2.03,1.1,1,2,10,7,2.9000000000000004,6.9,6.380000000000002,12,6.9,15.400000000000002,5.800000000000001
16,1,2.6,1,5.1,0.9,2.57,1.4,1,8,5,8,2.9000000000000004,3.5,2.6100000000000003,13,3.5,7.2,2.1
15,1,7.3,0,4.4,2.3,2.76,1.8,1,4,6,9,3.5999999999999996,9.6,8.28,10,9.6,20.7,7.8
14,1,2.5,0,5.3,2.4,3.87,1.3,0,10,9,6,2.7,4.9,6.48,19,0.0,14.399999999999999,3.6000000000000005
17,0,3.2,1,6.2,2.2,2.96,1.6,2,8,10,9,1.7999999999999998,5.4,3.96,18,10.8,19.8,3.8000000000000003
17,1,7.6,0,4.9,0.6,2.56,0.8,2,4,1,9,3.0999999999999996,8.2,1.8599999999999997,5,16.4,5.3999999999999995,7.3999999999999995
14,1,5.3,1,6.8,2.9,2.18,0.8,1,10,1,6,1.2000000000000002,8.2,3.4800000000000004,11,8.2,17.4,7.3999999999999995
16,1,1.7,0,4.3,1.4,3.27,1.2,1,10,4,10,3.7,3.0999999999999996,5.18,14,3.0999999999999996,14.0,1.8999999999999997
18,1,1.3,1,5.8,1.3,3.35,1.9,1,9,4,9,2.2,2.6,2.8600000000000003,13,2.6,11.700000000000001,0.7000000000000002
13,0,3.6,2,8.6,2.8,3.28,0.7,0,10,3,5,0.0,6.4,0.0,13,0.0,14.0,5.7
13,1,4.3,0,5.8,0.7,3.15,0.1,1,7,2,1,2.2,5.0,1.54,9,5.0,0.7,4.9
18,0,7.2,2,5.0,1.4,3.65,1.1,2,8,8,4,3.0,8.6,4.199999999999999,16,17.2,5.6,7.5
19,1,1.2,2,5.0,1.5,2.09,0.6,1,5,2,1,3.0,2.7,4.5,7,2.7,1.5,2.1
13,1,2.4,2,8.4,1.6,2.82,1.1,2,1,3,2,0.0,4.0,0.0,4,8.0,3.2,2.9
19,0,7.2,1,6.4,2.9,3.82,1.0,1,5,4,5,1.5999999999999996,10.1,4.639999999999999,9,10.1,14.5,9.1
14,1,2.3,2,8.0,2.5,3.08,1.7,1,5,6,7,0.0,4.8,0.0,11,4.8,17.5,3.0999999999999996
17,1,5.2,1,4.7,2.4,2.77,1.3,0,9,6,9,3.3,7.6,7.919999999999999,15,0.0,21.599999999999998,6.3
15,0,3.0,2,6.6,0.9,2.69,1.8,1,1,2,2,1.4000000000000004,3.9,1.2600000000000005,3,3.9,1.8,2.0999999999999996
17,1,1.8,1,6.9,2.7,2.53,1.7,0,2,2,7,1.0999999999999996,4.5,2.9699999999999993,4,0.0,18.900000000000002,2.8
16,0,6.6,1,6.1,1.7,2.67,1.8,2,10,8,2,1.9000000000000004,8.299999999999999,3.2300000000000004,18,16.599999999999998,3.4,6.499999999999999
13,0,5.2,0,7.4,2.5,3.93,0.8,2,4,4,8,0.5999999999999996,7.7,1.4999999999999991,8,15.4,20.0,6.9
18,0,3.5,0,5.9,1.3,3.68,2.0,1,7,4,10,2.0999999999999996,4.8,2.7299999999999995,11,4.8,13.0,2.8
17,1,7.3,1,5.8,2.9,3.93,0.9,1,6,2,9,2.2,10.2,6.38,8,10.2,26.099999999999998,9.299999999999999
13,0,6.3,1,8.4,1.6,2.03,1.5,1,5,3,9,0.0,7.9,0.0,8,7.9,14.4,6.4
18,1,5.5,0,5.2,1.4,3.24,0.9,1,10,5,7,2.8,6.9,3.9199999999999995,15,6.9,9.799999999999999,6.0
18,0,3.2,1,6.8,2.3,3.16,1.8,2,4,8,5,1.2000000000000002,5.5,2.7600000000000002,12,11.0,11.5,3.7
17,0,2.2,0,7.5,2.2,2.95,1.6,2,9,7,4,0.5,4.4,1.1,16,8.8,8.8,2.8000000000000003
16,1,1.5,2,4.1,1.3,3.67,1.2,0,10,6,6,3.9000000000000004,2.8,5.07,16,0.0,7.800000000000001,1.5999999999999999
17,0,8.0,1,8.1,1.2,2.13,1.0,2,1,8,7,0.0,9.2,0.0,9,18.4,8.4,8.2
19,1,2.3,1,6.9,2.3,2.17,1.6,1,3,6,10,1.0999999999999996,4.6,2.529999999999999,9,4.6,23.0,2.9999999999999996
19,1,6.5,1,6.0,1.5,2.12,1.7,1,8,5,7,2.0,8.0,3.0,13,8.0,10.5,6.3
17,0,7.3,1,6.2,1.0,2.02,0.2,2,1,6,3,1.7999999999999998,8.3,1.7999999999999998,7,16.6,3.0,8.100000000000001
17,0,1.1,0,8.7,2.1,3.01,0.7,1,1,1,3,0.0,3.2,0.0,2,3.2,6.300000000000001,2.5
18,0,5.7,2,6.2,0.5,3.98,1.7,1,7,6,3,1.7999999999999998,6.2,0.8999999999999999,13,6.2,1.5,4.5
19,0,6.0,2,6.0,0.7,3.29,1.4,2,4,5,1,2.0,6.7,1.4,9,13.4,0.7,5.300000000000001
14,1,5.6,1,8.8,0.9,3.03,2.0,2,8,10,3,0.0,6.5,0.0,18,13.0,2.7,4.5
14,1,3.3,1,6.5,0.8,2.54,0.8,2,1,2,3,1.5,4.1,1.2000000000000002,3,8.2,2.4000000000000004,3.3
19,1,5.0,0,9.0,2.4,2.53,0.4,1,7,2,10,0.0,7.4,0.0,9,7.4,24.0,7.0
19,1,7.0,1,8.3,2.1,3.09,1.5,2,9,7,3,0.0,9.1,0.0,16,18.2,6.300000000000001,7.6
13,1,3.4,2,4.5,0.5,3.71,1.0,1,1,10,1,3.5,3.9,1.75,11,3.9,0.5,2.9
16,0,6.8,1,7.2,1.1,2.29,1.9,2,8,5,9,0.7999999999999998,7.9,0.8799999999999999,13,15.8,9.9,6.0
19,1,2.1,2,6.8,2.2,2.33,1.0,1,7,6,7,1.2000000000000002,4.300000000000001,2.6400000000000006,13,4.300000000000001,15.400000000000002,3.3000000000000007
17,0,1.3,1,7.6,0.5,3.92,0.0,0,2,4,2,0.40000000000000036,1.8,0.20000000000000018,6,0.0,1.0,1.8
17,1,8.0,1,4.6,2.6,3.06,0.1,0,9,2,6,3.4000000000000004,10.6,8.840000000000002,11,0.0,15.600000000000001,10.5
18,0,5.5,0,5.5,1.8,2.24,0.0,0,3,4,10,2.5,7.3,4.5,7,0.0,18.0,7.3
14,0,5.7,2,6.4,1.9,3.3,1.3,0,6,8,5,1.5999999999999996,7.6,3.039999999999999,14,0.0,9.5,6.3
15,0,5.2,2,7.5,1.1,3.61,0.1,2,4,6,7,0.5,6.300000000000001,0.55,10,12.600000000000001,7.700000000000001,6.200000000000001
14,0,1.6,2,4.8,2.4,2.97,1.9,2,9,9,10,3.2,4.0,7.68,18,8.0,24.0,2.1
14,1,3.8,0,7.5,0.5,2.18,1.0,1,5,2,2,0.5,4.3,0.25,7,4.3,1.0,3.3
15,1,5.4,1,4.2,1.5,2.72,0.4,0,1,6,5,3.8,6.9,5.699999999999999,7,0.0,7.5,6.5
13,1,1.6,2,4.3,0.6,3.91,2.0,1,5,10,7,3.7,2.2,2.22,15,2.2,4.2,0.20000000000000018
15,0,5.4,2,7.0,1.8,2.54,0.1,2,1,4,4,1.0,7.2,1.8,5,14.4,7.2,7.1000000000000005
19,0,7.4,0,8.3,1.4,3.64,0.4,2,6,9,6,0.0,8.8,0.0,15,17.6,8.399999999999999,8.4
18,1,1.6,2,5.1,2.7,3.57,0.8,0,3,9,7,2.9000000000000004,4.300000000000001,7.830000000000002,12,0.0,18.900000000000002,3.500000000000001
13,0,2.5,1,4.6,1.6,3.22,0.9,1,6,4,3,3.4000000000000004,4.1,5.440000000000001,10,4.1,4.800000000000001,3.1999999999999997
19,0,4.5,2,8.4,2.1,2.62,2.0,2,5,10,5,0.0,6.6,0.0,15,13.2,10.5,4.6
16,1,2.0,0,7.8,2.8,2.1,0.6,1,2,6,8,0.20000000000000018,4.8,0.5600000000000005,8,4.8,22.4,4.2
15,0,6.6,2,9.0,1.5,3.04,1.5,2,4,2,7,0.0,8.1,0.0,6,16.2,10.5,6.6
13,1,7.8,2,7.2,1.3,3.31,0.8,0,9,2,4,0.7999999999999998,9.1,1.0399999999999998,11,0.0,5.2,8.299999999999999
15,0,5.5,2,7.8,1.5,2.79,0.7,0,9,10,7,0.20000000000000018,7.0,0.30000000000000027,19,0.0,10.5,6.3
13,0,2.0,1,8.7,1.9,2.28,1.2,1,7,7,9,0.0,3.9,0.0,14,3.9,17.099999999999998,2.7
18,0,1.8,2,6.1,2.7,2.86,1.1,2,4,2,4,1.9000000000000004,4.5,5.130000000000002,6,9.0,10.8,3.4
15,0,3.5,1,8.0,1.9,3.45,1.5,0,10,4,1,0.0,5.4,0.0,14,0.0,1.9,3.9000000000000004
19,1,4.7,0,8.2,1.2,2.83,1.2,0,5,9,9,0.0,5.9,0.0,14,0.0,10.799999999999999,4.7
16,1,8.0,1,8.1,2.5,2.7,1.7,1,4,5,7,0.0,10.5,0.0,9,10.5,17.5,8.8
15,1,7.9,2,4.1,0.7,2.33,1.2,1,3,8,1,3.9000000000000004,8.6,2.73,11,8.6,0.7,7.3999999999999995
19,1,2.0,2,7.1,0.9,3.26,1.6,0,7,5,9,0.9000000000000004,2.9,0.8100000000000004,12,0.0,8.1,1.2999999999999998
19,1,5.7,1,4.8,2.2,3.66,0.9,2,3,7,5,3.2,7.9,7.040000000000001,10,15.8,11.0,7.0
14,1,5.1,1,6.3,1.6,2.7,0.1,1,7,2,7,1.7000000000000002,6.699999999999999,2.7200000000000006,9,6.699999999999999,11.200000000000001,6.6
13,1,4.0,0,8.3,0.6,3.71,0.1,2,2,6,1,0.0,4.6,0.0,8,9.2,0.6,4.5
16,1,2.1,1,7.7,1.1,2.27,1.1,1,3,2,4,0.2999999999999998,3.2,0.32999999999999985,5,3.2,4.4,2.1
13,1,5.4,1,4.1,2.0,3.82,1.9,1,6,10,8,3.9000000000000004,7.4,7.800000000000001,16,7.4,16.0,5.5
15,0,2.6,0,7.9,1.8,3.91,0.5,1,4,5,6,0.09999999999999964,4.4,0.17999999999999935,9,4.4,10.8,3.9000000000000004
16,0,1.3,1,4.9,2.6,2.89,0.2,2,2,5,2,3.0999999999999996,3.9000000000000004,8.059999999999999,7,7.800000000000001,5.2,3.7
17,1,4.0,0,4.3,1.8,2.17,0.9,0,8,8,3,3.7,5.8,6.66,16,0.0,5.4,4.8999999999999995
15,1,3.6,2,4.3,2.9,2.2,1.0,0,10,9,7,3.7,6.5,10.73,19,0.0,20.3,5.5
18,1,7.7,1,7.3,1.8,3.13,2.0,1,7,9,7,0.7000000000000002,9.5,1.2600000000000005,16,9.5,12.6,7.5
15,1,4.0,2,4.5,1.9,3.22,0.2,1,4,5,3,3.5,5.9,6.6499999999999995,9,5.9,5.699999999999999,5.7
16,1,4.9,1,5.7,1.2,2.07,0.1,1,8,2,1,2.3,6.1000000000000005,2.76,10,6.1000000000000005,1.2,6.000000000000001
13,0,4.4,1,4.3,1.9,3.51,0.9,1,8,4,3,3.7,6.300000000000001,7.03,12,6.300000000000001,5.699999999999999,5.4
15,0,6.6,0,4.9,3.0,2.99,0.9,1,4,8,3,3.0999999999999996,9.6,9.299999999999999,12,9.6,9.0,8.7
13,0,5.8,1,6.1,1.2,3.81,1.8,1,6,10,6,1.9000000000000004,7.0,2.2800000000000002,16,7.0,7.199999999999999,5.2
14,1,1.3,1,8.5,0.9,3.71,0.7,0,3,3,6,0.0,2.2,0.0,6,0.0,5.4,1.5000000000000002
16,1,4.7,0,8.2,2.6,3.05,1.0,1,4,7,2,0.0,7.300000000000001,0.0,11,7.300000000000001,5.2,6.300000000000001
19,0,7.1,2,6.3,0.8,3.66,0.5,0,3,7,7,1.7000000000000002,7.8999999999999995,1.3600000000000003,10,0.0,5.6000000000000005,7.3999999999999995
17,1,8.0,1,8.7,1.5,3.7,2.0,0,10,9,5,0.0,9.5,0.0,19,0.0,7.5,7.5
15,1,6.6,1,8.6,1.5,2.63,1.1,2,1,9,9,0.0,8.1,0.0,10,16.2,13.5,7.0
17,1,6.8,1,4.7,0.6,3.4,0.9,2,3,9,7,3.3,7.3999999999999995,1.9799999999999998,12,14.799999999999999,4.2,6.499999999999999
18,0,4.4,0,5.1,1.4,2.33,0.6,2,2,7,4,2.9000000000000004,5.800000000000001,4.0600000000000005,9,11.600000000000001,5.6,5.200000000000001
13,0,3.5,1,6.8,1.5,2.35,1.8,1,7,3,2,1.2000000000000002,5.0,1.8000000000000003,10,5.0,3.0,3.2
13,1,5.0,0,8.6,0.7,2.99,1.5,2,3,8,3,0.0,5.7,0.0,11,11.4,2.0999999999999996,4.2
15,1,7.6,2,7.9,0.8,3.55,1.9,0,10,8,6,0.09999999999999964,8.4,0.07999999999999972,18,0.0,4.800000000000001,6.5
17,0,5.6,2,6.8,2.0,2.22,1.0,1,6,9,8,1.2000000000000002,7.6,2.4000000000000004,15,7.6,16.0,6.6
15,1,3.5,0,8.8,1.8,3.5,0.8,2,3,6,3,0.0,5.3,0.0,9,10.6,5.4,4.5
14,1,2.8,1,5.0,2.5,3.92,1.8,0,1,3,4,3.0,5.3,7.5,4,0.0,10.0,3.5
14,1,3.1,2,8.8,1.5,3.91,0.6,1,4,9,6,0.0,4.6,0.0,13,4.6,9.0,3.9999999999999996
19,0,3.9,0,7.9,2.1,3.52,0.6,0,3,2,4,0.09999999999999964,6.0,0.20999999999999927,5,0.0,8.4,5.4
14,0,7.8,1,4.3,2.6,3.33,2.0,0,3,7,3,3.7,10.4,9.620000000000001,10,0.0,7.800000000000001,8.4
17,0,4.7,1,4.7,2.4,3.94,0.0,1,10,5,8,3.3,7.1,7.919999999999999,15,7.1,19.2,7.1
17,1,2.4,2,6.0,0.7,3.67,1.5,2,7,9,2,2.0,3.0999999999999996,1.4,16,6.199999999999999,1.4,1.5999999999999996
17,1,1.7,0,8.6,0.9,2.36,1.7,2,9,1,3,0.0,2.6,0.0,10,5.2,2.7,0.9000000000000001
16,0,7.1,2,8.8,1.8,3.99,0.8,2,6,10,8,0.0,8.9,0.0,16,17.8,14.4,8.1
19,1,5.7,2,6.4,0.9,3.57,1.5,0,3,7,2,1.5999999999999996,6.6000000000000005,1.4399999999999997,10,0.0,1.8,5.1000000000000005
17,1,6.6,2,5.2,2.2,2.98,0.8,0,6,8,7,2.8,8.8,6.16,14,0.0,15.400000000000002,8.0
13,1,3.1,2,8.2,1.5,2.45,0.3,2,5,8,6,0.0,4.6,0.0,13,9.2,9.0,4.3
13,1,1.8,1,4.4,0.6,3.48,1.7,1,3,1,10,3.5999999999999996,2.4,2.1599999999999997,4,2.4,6.0,0.7
13,1,3.4,0,8.6,0.8,3.08,0.4,2,7,10,6,0.0,4.2,0.0,17,8.4,4.800000000000001,3.8000000000000003
17,0,2.1,0,7.8,2.1,3.29,1.5,2,8,1,7,0.20000000000000018,4.2,0.4200000000000004,9,8.4,14.700000000000001,2.7
14,1,5.2,0,4.1,2.1,3.07,0.2,1,9,3,8,3.9000000000000004,7.300000000000001,8.190000000000001,12,7.300000000000001,16.8,7.1000000000000005
13,0,2.2,0,7.7,2.1,2.33,1.7,2,2,8,7,0.2999999999999998,4.300000000000001,0.6299999999999997,10,8.600000000000001,14.700000000000001,2.6000000000000005
19,0,4.8,2,6.0,1.5,2.61,1.2,0,2,2,6,2.0,6.3,3.0,4,0.0,9.0,5.1
15,1,5.1,1,4.1,2.8,3.79,0.8,1,9,7,3,3.9000000000000004,7.8999999999999995,10.92,16,7.8999999999999995,8.399999999999999,7.1
15,1,5.4,2,4.2,1.8,2.15,0.3,1,1,10,5,3.8,7.2,6.84,11,7.2,9.0,6.9
16,0,3.1,1,7.9,1.2,2.85,0.7,0,2,2,5,0.09999999999999964,4.3,0.11999999999999957,4,0.0,6.0,3.5999999999999996
18,0,7.5,2,7.5,1.4,3.14,2.0,2,2,9,2,0.5,8.9,0.7,11,17.8,2.8,6.9
19,1,2.5,2,7.1,1.9,2.35,1.1,2,4,4,8,0.9000000000000004,4.4,1.7100000000000006,8,8.8,15.2,3.3000000000000003
17,1,3.9,1,7.1,2.4,3.82,0.8,0,3,6,10,0.9000000000000004,6.3,2.1600000000000006,9,0.0,24.0,5.5
15,1,6.9,1,6.2,0.6,2.37,0.2,2,3,1,4,1.7999999999999998,7.5,1.0799999999999998,4,15.0,2.4,7.3
14,1,5.8,1,5.1,2.6,2.06,1.5,1,7,5,2,2.9000000000000004,8.4,7.540000000000001,12,8.4,5.2,6.9
18,0,3.0,0,4.6,2.0,2.24,1.5,1,10,2,5,3.4000000000000004,5.0,6.800000000000001,12,5.0,10.0,3.5
15,0,7.4,1,8.6,0.9,2.3,0.0,2,1,5,3,0.0,8.3,0.0,6,16.6,2.7,8.3
17,0,7.6,1,7.3,1.9,3.05,1.1,1,10,8,1,0.7000000000000002,9.5,1.3300000000000003,18,9.5,1.9,8.4
16,0,5.6,2,7.9,2.0,3.91,0.6,1,7,3,10,0.09999999999999964,7.6,0.1999999999999993,10,7.6,20.0,7.0
14,0,7.8,2,4.7,2.2,3.53,0.6,2,5,8,2,3.3,10.0,7.26,13,20.0,4.4,9.4
13,1,4.9,1,4.7,2.5,3.92,1.2,2,1,10,8,3.3,7.4,8.25,11,14.8,20.0,6.2
17,1,4.9,1,6.4,2.5,2.64,1.9,1,6,2,10,1.5999999999999996,7.4,3.999999999999999,8,7.4,25.0,5.5
17,1,5.9,0,6.6,1.3,2.11,1.4,2,10,4,9,1.4000000000000004,7.2,1.8200000000000005,14,14.4,11.700000000000001,5.800000000000001
18,1,2.7,1,7.9,1.2,2.75,1.9,1,5,8,3,0.09999999999999964,3.9000000000000004,0.11999999999999957,13,3.9000000000000004,3.5999999999999996,2.0000000000000004
17,0,1.8,2,5.9,1.9,2.89,0.6,2,8,8,5,2.0999999999999996,3.7,3.9899999999999993,16,7.4,9.5,3.1
16,1,3.8,1,6.8,2.4,3.1,1.6,2,6,10,4,1.2000000000000002,6.199999999999999,2.8800000000000003,16,12.399999999999999,9.6,4.6
13,0,5.8,1,6.3,1.1,3.09,0.9,1,8,4,9,1.7000000000000002,6.9,1.8700000000000003,12,6.9,9.9,6.0
18,0,4.1,1,8.0,1.7,2.29,1.4,2,2,1,10,0.0,5.8,0.0,3,11.6,17.0,4.4
13,0,3.5,1,5.1,1.1,2.27,1.8,1,2,5,6,2.9000000000000004,4.6,3.190000000000001,7,4.6,6.6000000000000005,2.8
15,1,4.9,0,5.2,0.7,2.55,0.1,2,10,6,4,2.8,5.6000000000000005,1.9599999999999997,16,11.200000000000001,2.8,5.500000000000001
14,0,7.3,1,7.7,1.4,3.42,0.3,1,6,1,8,0.2999999999999998,8.7,0.4199999999999997,7,8.7,11.2,8.399999999999999
17,1,1.5,2,5.5,1.7,2.93,0.7,2,4,9,9,2.5,3.2,4.25,13,6.4,15.299999999999999,2.5
15,0,4.2,2,6.8,1.4,2.01,1.0,2,6,6,4,1.2000000000000002,5.6,1.6800000000000002,12,11.2,5.6,4.6
14,1,5.2,1,5.5,1.6,3.08,0.5,1,3,8,1,2.5,6.800000000000001,4.0,11,6.800000000000001,1.6,6.300000000000001
19,0,5.6,2,8.1,3.0,2.75,0.7,1,6,3,4,0.0,8.6,0.0,9,8.6,12.0,7.8999999999999995
15,0,7.3,0,5.7,2.9,3.48,1.8,1,2,7,8,2.3,10.2,6.669999999999999,9,10.2,23.2,8.399999999999999
14,1,7.9,1,7.4,2.9,3.01,1.5,2,2,2,1,0.5999999999999996,10.8,1.7399999999999989,4,21.6,2.9,9.3
18,1,6.1,2,5.8,1.8,3.59,0.2,2,2,5,4,2.2,7.8999999999999995,3.9600000000000004,7,15.799999999999999,7.2,7.699999999999999
16,1,2.2,2,5.1,2.3,3.6,1.0,0,4,7,6,2.9000000000000004,4.5,6.67,11,0.0,13.799999999999999,3.5
15,1,2.1,1,4.4,2.1,3.43,1.9,2,6,6,7,3.5999999999999996,4.2,7.56,12,8.4,14.700000000000001,2.3000000000000003
13,0,7.2,0,4.2,2.5,2.65,1.6,2,10,9,3,3.8,9.7,9.5,19,19.4,7.5,8.1
13,0,1.3,1,8.9,2.6,3.54,1.2,0,8,5,2,0.0,3.9000000000000004,0.0,13,0.0,5.2,2.7
13,1,3.4,2,4.4,0.6,3.41,0.2,2,8,6,3,3.5999999999999996,4.0,2.1599999999999997,14,8.0,1.7999999999999998,3.8
16,0,3.5,0,4.2,1.5,3.98,0.4,1,1,7,2,3.8,5.0,5.699999999999999,8,5.0,3.0,4.6
13,1,4.5,0,6.7,2.2,3.73,0.3,2,3,5,10,1.2999999999999998,6.7,2.86,8,13.4,22.0,6.4
13,0,7.2,0,6.7,0.9,2.36,0.6,2,8,8,1,1.2999999999999998,8.1,1.17,16,16.2,0.9,7.5
18,1,6.3,0,7.9,1.7,2.85,0.3,1,1,1,2,0.09999999999999964,8.0,0.1699999999999994,2,8.0,3.4,7.7
14,0,6.9,2,6.4,0.9,2.04,1.3,1,5,5,9,1.5999999999999996,7.800000000000001,1.4399999999999997,10,7.800000000000001,8.1,6.500000000000001
15,1,6.4,1,7.8,0.7,2.6,0.7,0,4,4,2,0.20000000000000018,7.1000000000000005,0.14000000000000012,8,0.0,1.4,6.4
14,0,2.3,2,7.3,2.3,2.8,1.5,1,4,6,5,0.7000000000000002,4.6,1.6100000000000003,10,4.6,11.5,3.0999999999999996
18,0,7.0,0,6.3,1.6,2.55,0.5,1,10,1,8,1.7000000000000002,8.6,2.7200000000000006,11,8.6,12.8,8.1
19,1,7.0,2,4.5,2.3,3.26,1.7,0,9,10,3,3.5,9.3,8.049999999999999,19,0.0,6.8999999999999995,7.6000000000000005
16,1,2.0,2,4.4,0.7,2.68,0.8,1,1,4,10,3.5999999999999996,2.7,2.5199999999999996,5,2.7,7.0,1.9000000000000001
13,0,7.1,1,5.7,1.2,3.83,2.0,1,2,8,7,2.3,8.299999999999999,2.76,10,8.299999999999999,8.4,6.299999999999999
15,1,7.4,2,6.9,1.6,3.48,0.8,1,1,7,9,1.0999999999999996,9.0,1.7599999999999996,8,9.0,14.4,8.2
13,0,4.0,0,4.5,1.0,3.65,1.8,2,5,6,5,3.5,5.0,3.5,11,10.0,5.0,3.2
17,1,2.1,2,4.7,2.0,2.99,1.9,2,5,1,8,3.3,4.1,6.6,6,8.2,16.0,2.1999999999999997
13,0,5.2,0,7.7,2.7,2.84,0.8,0,2,5,5,0.2999999999999998,7.9,0.8099999999999996,7,0.0,13.5,7.1000000000000005
13,0,4.4,2,8.8,1.3,2.69,0.4,2,3,1,7,0.0,5.7,0.0,4,11.4,9.1,5.3
15,0,8.0,0,5.7,1.3,3.54,0.1,0,9,7,5,2.3,9.3,2.9899999999999998,16,0.0,6.5,9.200000000000001
16,0,3.1,2,5.0,1.1,2.73,1.6,2,2,8,1,3.0,4.2,3.3000000000000003,10,8.4,1.1,2.6
15,1,4.0,2,8.4,2.3,2.52,0.9,2,4,5,3,0.0,6.3,0.0,9,12.6,6.8999999999999995,5.3999999999999995
14,0,5.1,1,5.3,2.3,2.31,0.2,0,3,3,6,2.7,7.3999999999999995,6.21,6,0.0,13.799999999999999,7.199999999999999
15,0,5.7,1,8.4,1.3,2.48,0.9,0,5,2,4,0.0,7.0,0.0,7,0.0,5.2,6.1
13,0,6.0,2,5.0,2.5,2.55,1.8,0,4,9,2,3.0,8.5,7.5,13,0.0,5.0,6.7
15,0,3.9,0,8.7,1.1,2.82,0.3,0,5,10,6,0.0,5.0,0.0,15,0.0,6.6000000000000005,4.7
17,0,6.9,2,6.1,2.4,3.77,1.1,1,9,4,9,1.9000000000000004,9.3,4.5600000000000005,13,9.3,21.599999999999998,8.200000000000001
19,1,6.6,1,4.4,1.1,2.29,1.0,2,6,8,5,3.5999999999999996,7.699999999999999,3.96,14,15.399999999999999,5.5,6.699999999999999
14,0,1.1,0,6.1,2.5,2.8,1.8,0,4,10,3,1.9000000000000004,3.6,4.750000000000001,14,0.0,7.5,1.8
13,0,3.5,1,5.3,1.7,2.2,0.8,0,6,10,8,2.7,5.2,4.59,16,0.0,13.6,4.4
14,0,3.6,1,4.1,2.9,2.83,0.5,1,10,6,7,3.9000000000000004,6.5,11.31,16,6.5,20.3,6.0
19,1,6.9,1,5.0,1.2,2.56,1.6,0,3,10,8,3.0,8.1,3.5999999999999996,13,0.0,9.6,6.5
15,0,1.8,1,5.5,1.6,3.29,1.3,1,6,5,9,2.5,3.4000000000000004,4.0,11,3.4000000000000004,14.4,2.1000000000000005
19,0,6.0,0,6.3,2.8,3.98,2.0,1,2,6,2,1.7000000000000002,8.8,4.76,8,8.8,5.6,6.800000000000001
16,0,7.7,1,4.7,2.9,2.17,1.2,1,5,7,6,3.3,10.6,9.569999999999999,12,10.6,17.4,9.4
19,0,3.4,2,4.3,0.7,2.17,0.7,0,3,1,4,3.7,4.1,2.59,4,0.0,2.8,3.3999999999999995
19,1,2.9,0,4.0,0.5,3.16,0.2,0,7,6,3,4.0,3.4,2.0,13,0.0,1.5,3.1999999999999997
16,0,3.6,1,6.1,2.8,3.8,0.1,0,2,1,7,1.9000000000000004,6.4,5.32,3,0.0,19.599999999999998,6.300000000000001
14,1,3.8,1,8.9,1.9,2.77,0.2,1,6,2,2,0.0,5.699999999999999,0.0,8,5.699999999999999,3.8,5.499999999999999
15,0,2.7,0,7.8,1.8,3.9,1.4,2,5,8,9,0.20000000000000018,4.5,0.3600000000000003,13,9.0,16.2,3.1
18,1,5.9,1,4.4,2.7,2.09,1.8,0,1,6,6,3.5999999999999996,8.600000000000001,9.719999999999999,7,0.0,16.200000000000003,6.800000000000002
13,1,4.6,2,5.3,2.3,2.42,0.2,2,5,9,5,2.7,6.8999999999999995,6.21,14,13.799999999999999,11.5,6.699999999999999
16,0,3.2,0,4.6,2.5,2.62,1.8,2,9,5,1,3.4000000000000004,5.7,8.5,14,11.4,2.5,3.9000000000000004
13,0,2.5,0,7.8,1.4,3.43,0.9,1,1,4,6,0.20000000000000018,3.9,0.28000000000000025,5,3.9,8.399999999999999,3.0
18,1,7.7,0,6.6,1.6,4.0,1.9,0,3,3,9,1.4000000000000004,9.3,2.2400000000000007,6,0.0,14.4,7.4
14,0,2.4,2,6.3,2.8,2.41,0.7,2,9,5,2,1.7000000000000002,5.199999999999999,4.76,14,10.399999999999999,5.6,4.499999999999999
14,0,5.3,0,4.7,1.1,3.68,1.8,0,10,8,10,3.3,6.4,3.63,18,0.0,11.0,4.6000000000000005
13,1,4.0,0,4.2,0.5,2.46,0.6,2,2,9,9,3.8,4.5,1.9,11,9.0,4.5,3.9
13,0,2.9,0,8.2,2.3,2.48,0.9,2,5,8,9,0.0,5.199999999999999,0.0,13,10.399999999999999,20.7,4.299999999999999
19,0,7.4,0,4.4,2.4,2.63,0.6,0,3,5,7,3.5999999999999996,9.8,8.639999999999999,8,0.0,16.8,9.200000000000001
15,1,7.5,1,8.1,2.5,3.56,1.2,1,6,8,10,0.0,10.0,0.0,14,10.0,25.0,8.8
16,1,1.8,2,7.4,2.3,3.76,0.8,2,9,5,8,0.5999999999999996,4.1,1.379999999999999,14,8.2,18.4,3.3
15,1,3.8,0,8.3,2.6,3.19,2.0,1,1,2,2,0.0,6.4,0.0,3,6.4,5.2,4.4
16,0,2.8,2,7.1,1.4,3.85,0.4,0,7,9,8,0.9000000000000004,4.199999999999999,1.2600000000000005,16,0.0,11.2,3.7999999999999994
13,0,7.3,0,8.9,2.7,3.68,1.9,2,6,6,10,0.0,10.0,0.0,12,20.0,27.0,8.1
17,0,6.2,0,5.1,2.0,3.82,1.7,1,7,3,5,2.9000000000000004,8.2,5.800000000000001,10,8.2,10.0,6.499999999999999
15,0,1.5,0,8.7,1.2,2.52,0.1,2,9,7,2,0.0,2.7,0.0,16,5.4,2.4,2.6
15,1,2.7,1,7.2,2.9,3.27,0.8,1,5,2,9,0.7999999999999998,5.6,2.3199999999999994,7,5.6,26.099999999999998,4.8
14,0,3.8,1,7.9,1.2,3.24,1.6,0,6,10,5,0.09999999999999964,5.0,0.11999999999999957,16,0.0,6.0,3.4
13,1,7.4,1,5.6,1.4,2.95,1.7,0,8,5,5,2.4000000000000004,8.8,3.3600000000000003,13,0.0,7.0,7.1000000000000005
19,1,1.6,2,8.6,1.4,2.69,1.6,1,4,3,4,0.0,3.0,0.0,7,3.0,5.6,1.4
14,0,7.1,2,4.5,2.4,3.53,0.4,0,3,4,4,3.5,9.5,8.4,7,0.0,9.6,9.1
16,1,7.0,1,4.8,1.7,2.9,0.3,2,4,1,8,3.2,8.7,5.44,5,17.4,13.6,8.399999999999999
13,0,5.1,2,4.5,2.7,2.54,1.4,0,2,3,10,3.5,7.8,9.450000000000001,5,0.0,27.0,6.4
16,0,6.7,0,6.8,1.9,3.08,1.4,0,10,9,1,1.2000000000000002,8.6,2.2800000000000002,19,0.0,1.9,7.199999999999999
17,0,4.5,0,7.3,0.9,2.34,0.9,1,7,3,8,0.7000000000000002,5.4,0.6300000000000002,10,5.4,7.2,4.5
14,1,1.5,0,4.3,2.1,3.9,1.5,2,10,2,4,3.7,3.6,7.7700000000000005,12,7.2,8.4,2.1
13,0,3.5,0,8.7,1.4,3.5,1.3,0,9,4,5,0.0,4.9,0.0,13,0.0,7.0,3.6000000000000005
18,1,3.5,2,6.3,2.9,3.35,1.6,0,1,4,2,1.7000000000000002,6.4,4.930000000000001,5,0.0,5.8,4.800000000000001
14,0,6.6,2,6.2,1.8,2.36,1.7,0,4,1,8,1.7999999999999998,8.4,3.2399999999999998,5,0.0,14.4,6.7
13,1,7.3,0,4.2,1.3,2.16,1.0,0,4,5,2,3.8,8.6,4.9399999999999995,9,0.0,2.6,7.6
16,0,7.8,0,7.4,0.7,2.54,1.2,1,10,4,9,0.5999999999999996,8.5,0.4199999999999997,14,8.5,6.3,7.3
19,0,4.0,0,7.4,2.7,3.41,1.4,1,9,4,7,0.5999999999999996,6.7,1.6199999999999992,13,6.7,18.900000000000002,5.300000000000001
14,0,6.4,1,6.0,1.1,3.81,0.9,1,8,2,3,2.0,7.5,2.2,10,7.5,3.3000000000000003,6.6
18,0,1.1,0,4.9,2.6,2.43,1.3,0,9,7,6,3.0999999999999996,3.7,8.059999999999999,16,0.0,15.600000000000001,2.4000000000000004
16,0,7.6,2,4.2,2.8,3.87,0.7,0,10,2,9,3.8,10.399999999999999,10.639999999999999,12,0.0,25.2,9.7
16,0,3.5,2,6.1,2.7,3.83,0.1,1,4,5,10,1.9000000000000004,6.2,5.130000000000002,9,6.2,27.0,6.1000000000000005
15,0,4.2,0,7.1,2.1,2.21,1.8,1,4,1,3,0.9000000000000004,6.300000000000001,1.8900000000000008,5,6.300000000000001,6.300000000000001,4.500000000000001
16,0,6.5,2,4.6,1.8,2.2,1.2,2,7,4,4,3.4000000000000004,8.3,6.120000000000001,11,16.6,7.2,7.1000000000000005
16,0,4.0,2,5.4,2.7,2.88,1.2,1,4,10,1,2.5999999999999996,6.7,7.02,14,6.7,2.7,5.5
19,1,7.7,1,4.2,2.6,2.2,1.8,2,8,9,4,3.8,10.3,9.879999999999999,17,20.6,10.4,8.5
13,0,3.0,0,6.0,1.0,2.63,0.1,2,5,10,9,2.0,4.0,2.0,15,8.0,9.0,3.9
15,0,1.8,1,6.4,2.4,2.16,1.9,1,3,6,9,1.5999999999999996,4.2,3.839999999999999,9,4.2,21.599999999999998,2.3000000000000003
17,1,5.4,0,4.9,1.5,3.4,0.0,1,2,2,1,3.0999999999999996,6.9,4.6499999999999995,4,6.9,1.5,6.9
16,0,6.5,2,5.3,1.8,2.29,0.2,0,4,10,2,2.7,8.3,4.86,14,0.0,3.6,8.100000000000001
15,0,3.5,1,6.3,0.8,2.71,1.8,0,7,4,2,1.7000000000000002,4.3,1.3600000000000003,11,0.0,1.6,2.5
15,0,6.7,0,5.0,0.6,2.75,1.5,1,7,4,8,3.0,7.3,1.7999999999999998,11,7.3,4.8,5.8
18,0,4.5,0,8.0,1.5,3.45,1.0,2,4,3,9,0.0,6.0,0.0,7,12.0,13.5,5.0
19,0,5.2,1,6.6,1.6,2.36,1.4,2,2,6,10,1.4000000000000004,6.800000000000001,2.2400000000000007,8,13.600000000000001,16.0,5.4
16,0,2.5,2,8.9,2.9,2.53,0.1,0,8,7,3,0.0,5.4,0.0,15,0.0,8.7,5.300000000000001
19,1,1.6,1,8.6,2.4,3.81,0.4,2,10,4,1,0.0,4.0,0.0,14,8.0,2.4,3.6
14,0,5.7,1,8.9,0.7,2.17,1.3,0,10,4,3,0.0,6.4,0.0,14,0.0,2.0999999999999996,5.1000000000000005
18,1,4.6,1,4.1,1.4,2.28,0.4,1,4,10,10,3.9000000000000004,6.0,5.46,14,6.0,14.0,5.6
15,1,2.3,0,5.7,2.8,2.79,1.9,1,4,1,4,2.3,5.1,6.4399999999999995,5,5.1,11.2,3.1999999999999997
15,1,6.5,2,5.4,2.1,3.44,1.8,2,7,3,6,2.5999999999999996,8.6,5.459999999999999,10,17.2,12.600000000000001,6.8
15,0,7.0,1,5.9,1.3,2.91,1.2,2,10,2,6,2.0999999999999996,8.3,2.7299999999999995,12,16.6,7.800000000000001,7.1000000000000005
19,0,7.3,0,7.4,1.5,2.84,1.0,1,9,8,5,0.5999999999999996,8.8,0.8999999999999995,17,8.8,7.5,7.800000000000001
17,1,3.7,2,7.2,0.6,3.34,1.8,0,2,6,2,0.7999999999999998,4.3,0.47999999999999987,8,0.0,1.2,2.5
13,0,1.6,1,8.7,2.5,3.69,0.4,0,8,2,9,0.0,4.1,0.0,10,0.0,22.5,3.6999999999999997
18,0,4.6,2,6.8,1.5,2.4,1.4,1,5,10,2,1.2000000000000002,6.1,1.8000000000000003,15,6.1,3.0,4.699999999999999
14,1,7.4,1,8.9,2.4,2.29,1.1,2,10,4,8,0.0,9.8,0.0,14,19.6,19.2,8.700000000000001
14,0,6.1,1,7.0,2.7,3.97,1.0,1,1,8,8,1.0,8.8,2.7,9,8.8,21.6,7.800000000000001
17,1,2.7,1,8.0,2.6,3.53,1.9,0,1,8,7,0.0,5.300000000000001,0.0,9,0.0,18.2,3.400000000000001
19,1,5.9,0,7.0,2.3,3.0,1.6,2,3,5,10,1.0,8.2,2.3,8,16.4,23.0,6.6
16,1,2.0,1,7.9,2.4,2.81,1.9,2,10,6,6,0.09999999999999964,4.4,0.23999999999999913,16,8.8,14.399999999999999,2.5000000000000004
19,0,6.3,0,5.7,2.3,2.16,1.9,0,6,3,6,2.3,8.6,5.289999999999999,9,0.0,13.799999999999999,6.699999999999999
19,1,6.9,2,8.5,1.5,3.55,1.3,2,5,6,1,0.0,8.4,0.0,11,16.8,1.5,7.1000000000000005
18,0,7.1,1,4.8,2.1,2.51,0.9,0,1,1,10,3.2,9.2,6.720000000000001,2,0.0,21.0,8.299999999999999
17,0,5.3,1,7.4,1.2,3.41,1.1,0,6,3,7,0.5999999999999996,6.5,0.7199999999999995,9,0.0,8.4,5.4
15,0,7.2,2,8.0,1.4,3.64,0.4,1,10,5,7,0.0,8.6,0.0,15,8.6,9.799999999999999,8.2
14,0,1.7,2,4.9,1.6,2.36,1.7,0,3,1,6,3.0999999999999996,3.3,4.96,4,0.0,9.600000000000001,1.5999999999999999
13,1,5.6,1,4.6,1.9,2.54,0.1,2,5,5,6,3.4000000000000004,7.5,6.46,10,15.0,11.399999999999999,7.4
18,1,1.1,0,7.2,1.0,3.13,0.6,1,2,1,4,0.7999999999999998,2.1,0.7999999999999998,3,2.1,4.0,1.5
18,1,4.3,2,8.4,2.1,2.69,0.2,2,1,10,8,0.0,6.4,0.0,11,12.8,16.8,6.2
16,0,3.4,2,7.8,2.8,3.83,1.8,1,6,6,4,0.20000000000000018,6.199999999999999,0.5600000000000005,12,6.199999999999999,11.2,4.3999999999999995
16,0,5.3,2,4.3,1.5,2.54,0.3,0,7,7,10,3.7,6.8,5.550000000000001,14,0.0,15.0,6.5
15,0,5.8,1,7.1,1.1,3.72,1.5,2,9,6,6,0.9000000000000004,6.9,0.9900000000000004,15,13.8,6.6000000000000005,5.4
15,1,6.2,2,4.6,1.1,2.94,1.8,0,4,2,3,3.4000000000000004,7.300000000000001,3.7400000000000007,6,0.0,3.3000000000000003,5.500000000000001
15,1,7.5,0,7.0,0.9,3.48,1.1,0,2,2,6,1.0,8.4,0.9,4,0.0,5.4,7.300000000000001
19,1,1.5,2,6.7,1.0,3.9,0.4,2,4,3,3,1.2999999999999998,2.5,1.2999999999999998,7,5.0,3.0,2.1
13,1,2.5,1,5.3,0.8,3.12,0.4,0,3,5,3,2.7,3.3,2.16,8,0.0,2.4000000000000004,2.9
17,0,6.6,0,7.4,2.2,2.63,0.6,0,7,4,9,0.5999999999999996,8.8,1.3199999999999994,11,0.0,19.8,8.200000000000001
18,1,1.3,1,4.5,2.3,2.28,1.0,2,2,7,8,3.5,3.5999999999999996,8.049999999999999,9,7.199999999999999,18.4,2.5999999999999996
13,0,1.1,0,6.7,2.0,3.63,0.2,1,3,10,5,1.2999999999999998,3.1,2.5999999999999996,13,3.1,10.0,2.9
15,1,4.7,1,8.2,2.3,3.35,0.6,2,6,2,5,0.0,7.0,0.0,8,14.0,11.5,6.4
15,0,8.0,1,4.4,0.7,2.62,1.6,0,6,7,2,3.5999999999999996,8.7,2.5199999999999996,13,0.0,1.4,7.1
17,0,7.6,1,5.9,2.0,2.52,1.5,1,1,5,1,2.0999999999999996,9.6,4.199999999999999,6,9.6,2.0,8.1
13,1,5.2,2,6.7,2.5,3.82,0.9,1,8,8,6,1.2999999999999998,7.7,3.2499999999999996,16,7.7,15.0,6.8
17,0,7.2,2,7.0,1.3,3.86,0.9,2,7,8,4,1.0,8.5,1.3,15,17.0,5.2,7.6
17,0,3.2,2,4.2,0.6,2.21,1.4,1,6,6,3,3.8,3.8000000000000003,2.28,12,3.8000000000000003,1.7999999999999998,2.4000000000000004
19,0,7.4,0,4.4,1.4,3.78,1.1,2,9,7,5,3.5999999999999996,8.8,5.039999999999999,16,17.6,7.0,7.700000000000001
17,0,2.7,1,5.4,2.6,2.07,0.0,1,6,5,6,2.5999999999999996,5.300000000000001,6.759999999999999,11,5.300000000000001,15.600000000000001,5.300000000000001
17,0,7.5,0,4.7,2.1,2.55,0.1,0,3,9,1,3.3,9.6,6.93,12,0.0,2.1,9.5
19,1,1.8,2,7.7,2.2,3.77,0.3,1,4,6,7,0.2999999999999998,4.0,0.6599999999999997,10,4.0,15.400000000000002,3.7
18,0,2.0,0,8.6,2.2,3.53,1.9,2,2,5,8,0.0,4.2,0.0,7,8.4,17.6,2.3000000000000003
19,0,3.0,1,5.5,2.1,3.08,0.7,2,9,3,5,2.5,5.1,5.25,12,10.2,10.5,4.3999999999999995
14,1,5.6,1,7.0,1.9,2.58,0.4,2,5,7,3,1.0,7.5,1.9,12,15.0,5.699999999999999,7.1
16,1,5.1,2,4.6,1.1,2.75,1.5,1,6,3,6,3.4000000000000004,6.199999999999999,3.7400000000000007,9,6.199999999999999,6.6000000000000005,4.699999999999999
15,0,4.0,1,8.1,2.1,2.01,0.4,1,4,8,8,0.0,6.1,0.0,12,6.1,16.8,5.699999999999999
16,0,6.9,1,5.8,0.6,3.65,0.5,0,10,8,10,2.2,7.5,1.32,18,0.0,6.0,7.0
14,0,3.5,0,5.3,2.5,2.29,0.7,2,1,10,3,2.7,6.0,6.75,11,12.0,7.5,5.3
18,1,7.5,1,7.4,1.8,3.47,0.0,2,9,4,2,0.5999999999999996,9.3,1.0799999999999994,13,18.6,3.6,9.3
17,1,3.3,2,5.7,2.0,3.71,0.1,2,6,6,8,2.3,5.3,4.6,12,10.6,16.0,5.2
15,0,7.4,0,8.4,1.9,3.73,0.8,0,9,9,4,0.0,9.3,0.0,18,0.0,7.6,8.5
14,1,5.5,2,7.3,1.4,2.61,1.2,0,5,7,1,0.7000000000000002,6.9,0.9800000000000002,12,0.0,1.4,5.7
17,0,2.6,1,6.5,1.5,3.8,0.2,0,8,6,1,1.5,4.1,2.25,14,0.0,1.5,3.8999999999999995
16,0,2.5,1,5.4,2.3,3.43,0.5,0,9,1,2,2.5999999999999996,4.8,5.979999999999999,10,0.0,4.6,4.3
13,0,2.3,2,6.6,1.4,3.74,1.5,1,6,10,1,1.4000000000000004,3.6999999999999997,1.9600000000000004,16,3.6999999999999997,1.4,2.1999999999999997
18,1,3.6,1,4.7,2.5,2.73,1.2,1,9,7,6,3.3,6.1,8.25,16,6.1,15.0,4.8999999999999995
15,1,2.2,0,4.5,1.3,2.63,1.7,2,10,2,6,3.5,3.5,4.55,12,7.0,7.800000000000001,1.8
13,0,8.0,1,5.4,2.8,3.1,1.9,0,6,10,10,2.5999999999999996,10.8,7.2799999999999985,16,0.0,28.0,8.9
17,1,3.6,0,6.1,2.8,2.39,0.6,2,6,8,5,1.9000000000000004,6.4,5.32,14,12.8,14.0,5.800000000000001
13,1,7.9,1,8.8,2.3,3.39,0.5,2,1,9,3,0.0,10.2,0.0,10,20.4,6.8999999999999995,9.7
17,0,5.2,0,6.0,0.6,3.07,0.6,1,6,2,9,2.0,5.8,1.2,8,5.8,5.3999999999999995,5.2
19,1,2.3,2,6.5,3.0,3.5,0.1,0,9,10,8,1.5,5.3,4.5,19,0.0,24.0,5.2
15,1,6.9,2,5.6,1.4,2.09,0.7,2,9,5,9,2.4000000000000004,8.3,3.3600000000000003,14,16.6,12.6,7.6000000000000005
16,0,2.0,1,8.7,1.2,3.0,0.0,2,8,8,4,0.0,3.2,0.0,16,6.4,4.8,3.2
18,0,3.6,1,5.4,0.9,3.45,0.5,1,1,10,2,2.5999999999999996,4.5,2.34,11,4.5,1.8,4.0
18,1,3.7,1,7.0,1.4,2.05,0.4,1,10,9,5,1.0,5.1,1.4,19,5.1,7.0,4.699999999999999
16,0,4.0,1,7.9,1.9,2.56,0.1,0,4,9,9,0.09999999999999964,5.9,0.1899999999999993,13,0.0,17.099999999999998,5.800000000000001
15,1,1.9,2,4.9,1.5,3.77,1.1,0,1,1,4,3.0999999999999996,3.4,4.6499999999999995,2,0.0,6.0,2.3
13,0,1.4,0,7.8,0.6,3.42,1.6,1,10,4,6,0.20000000000000018,2.0,0.1200000000000001,14,2.0,3.5999999999999996,0.3999999999999999
15,0,5.6,0,5.9,2.0,2.97,0.6,2,9,3,3,2.0999999999999996,7.6,4.199999999999999,12,15.2,6.0,7.0
14,1,4.7,2,7.9,2.9,2.54,0.7,0,5,8,7,0.09999999999999964,7.6,0.289999999999999,13,0.0,20.3,6.8999999999999995
18,1,1.6,0,5.4,2.0,3.2,1.8,2,8,8,3,2.5999999999999996,3.6,5.199999999999999,16,7.2,6.0,1.8
18,0,5.5,1,5.3,2.6,3.09,2.0,2,8,6,3,2.7,8.1,7.0200000000000005,14,16.2,7.800000000000001,6.1
15,1,4.8,0,4.3,2.2,2.5,0.0,1,4,1,4,3.7,7.0,8.14,5,7.0,8.8,7.0
17,1,4.8,2,6.0,2.1,2.39,1.8,0,5,8,7,2.0,6.9,4.2,13,0.0,14.700000000000001,5.1000000000000005
14,0,4.0,2,4.1,0.9,2.99,1.9,2,2,9,10,3.9000000000000004,4.9,3.5100000000000002,11,9.8,9.0,3.0000000000000004
17,0,5.5,1,6.3,0.8,2.59,1.6,0,6,8,7,1.7000000000000002,6.3,1.3600000000000003,14,0.0,5.6000000000000005,4.699999999999999
18,1,7.5,2,7.6,1.8,3.19,1.7,0,2,6,6,0.40000000000000036,9.3,0.7200000000000006,8,0.0,10.8,7.6000000000000005
13,1,7.5,2,4.8,0.7,2.91,2.0,0,10,9,1,3.2,8.2,2.2399999999999998,19,0.0,0.7,6.199999999999999
18,0,4.2,1,5.4,1.1,2.31,0.3,2,4,9,1,2.5999999999999996,5.300000000000001,2.86,13,10.600000000000001,1.1,5.000000000000001
13,1,5.9,1,8.6,1.9,3.88,0.2,1,1,6,9,0.0,7.800000000000001,0.0,7,7.800000000000001,17.099999999999998,7.6000000000000005
16,1,4.8,0,7.1,0.6,3.36,0.7,0,7,6,9,0.9000000000000004,5.3999999999999995,0.5400000000000001,13,0.0,5.3999999999999995,4.699999999999999
18,0,2.2,1,6.5,1.9,3.79,0.2,2,1,6,2,1.5,4.1,2.8499999999999996,7,8.2,3.8,3.8999999999999995
15,1,8.0,1,4.7,0.6,3.01,1.8,1,2,9,10,3.3,8.6,1.9799999999999998,11,8.6,6.0,6.8
18,1,1.7,0,5.6,1.4,2.85,1.0,0,3,3,7,2.4000000000000004,3.0999999999999996,3.3600000000000003,6,0.0,9.799999999999999,2.0999999999999996
13,0,4.3,2,4.4,0.9,2.35,1.5,0,3,1,7,3.5999999999999996,5.2,3.2399999999999998,4,0.0,6.3,3.7
17,1,7.6,1,6.0,2.0,3.82,1.5,2,8,9,7,2.0,9.6,4.0,17,19.2,14.0,8.1
18,0,1.4,2,6.1,1.6,2.56,1.2,0,2,7,8,1.9000000000000004,3.0,3.040000000000001,9,0.0,12.8,1.8
19,1,2.4,2,9.0,2.4,3.13,0.5,0,5,3,3,0.0,4.8,0.0,8,0.0,7.199999999999999,4.3
18,1,7.1,1,8.0,2.9,2.59,1.2,0,10,8,5,0.0,10.0,0.0,18,0.0,14.5,8.8
13,1,8.0,0,8.9,2.2,3.82,1.2,2,8,8,4,0.0,10.2,0.0,16,20.4,8.8,9.0
13,1,1.4,0,8.6,2.4,3.31,0.7,2,2,6,2,0.0,3.8,0.0,8,7.6,4.8,3.0999999999999996
15,1,3.5,2,4.5,2.7,2.47,1.4,2,1,5,10,3.5,6.2,9.450000000000001,6,12.4,27.0,4.800000000000001
19,1,4.6,0,8.9,1.9,2.5,0.4,1,8,1,3,0.0,6.5,0.0,9,6.5,5.699999999999999,6.1
19,0,3.5,2,6.7,2.7,3.4,1.2,2,4,6,7,1.2999999999999998,6.2,3.51,10,12.4,18.900000000000002,5.0
18,0,2.0,1,5.9,2.9,3.52,1.1,0,8,6,10,2.0999999999999996,4.9,6.089999999999999,14,0.0,29.0,3.8000000000000003
19,1,2.1,0,5.6,2.4,3.56,1.0,0,9,3,4,2.4000000000000004,4.5,5.760000000000001,12,0.0,9.6,3.5
15,1,6.7,0,4.5,2.1,3.71,1.3,0,3,3,3,3.5,8.8,7.3500000000000005,6,0.0,6.300000000000001,7.500000000000001
15,0,5.7,1,7.5,2.4,2.84,1.3,1,10,10,2,0.5,8.1,1.2,20,8.1,4.8,6.8
19,0,5.0,1,6.3,2.9,2.04,0.5,1,5,2,2,1.7000000000000002,7.9,4.930000000000001,7,7.9,5.8,7.4
16,1,2.7,0,7.2,0.6,3.98,1.7,2,6,1,5,0.7999999999999998,3.3000000000000003,0.47999999999999987,7,6.6000000000000005,3.0,1.6000000000000003
18,1,1.0,1,7.1,0.8,2.47,1.9,0,4,2,4,0.9000000000000004,1.8,0.7200000000000003,6,0.0,3.2,-0.09999999999999987
19,1,4.9,2,4.5,2.9,3.88,0.8,2,5,5,6,3.5,7.800000000000001,10.15,10,15.600000000000001,17.4,7.000000000000001
13,1,7.5,0,8.0,2.0,3.25,0.7,1,9,10,2,0.0,9.5,0.0,19,9.5,4.0,8.8
16,0,6.4,2,5.9,2.8,3.81,1.3,0,1,3,7,2.0999999999999996,9.2,5.879999999999999,4,0.0,19.599999999999998,7.8999999999999995
15,0,7.8,2,5.3,0.5,2.32,0.8,2,8,9,3,2.7,8.3,1.35,17,16.6,1.5,7.500000000000001
18,0,1.3,0,4.9,0.9,3.86,0.0,1,4,9,8,3.0999999999999996,2.2,2.7899999999999996,13,2.2,7.2,2.2
19,1,7.4,2,6.1,1.1,2.15,1.6,0,4,4,1,1.9000000000000004,8.5,2.0900000000000007,8,0.0,1.1,6.9
17,0,5.1,2,8.6,1.9,3.33,1.1,2,1,7,8,0.0,7.0,0.0,8,14.0,15.2,5.9
17,0,6.2,0,6.1,2.4,3.05,1.8,0,3,6,8,1.9000000000000004,8.6,4.5600000000000005,9,0.0,19.2,6.8
18,1,4.2,2,6.5,1.4,2.91,1.5,2,5,6,4,1.5,5.6,2.0999999999999996,11,11.2,5.6,4.1
15,0,3.1,0,4.2,2.1,3.21,1.1,1,8,2,10,3.8,5.2,7.9799999999999995,10,5.2,21.0,4.1
18,0,2.3,2,7.6,0.5,2.96,1.7,1,9,8,7,0.40000000000000036,2.8,0.20000000000000018,17,2.8,3.5,1.0999999999999999
19,0,2.4,1,8.7,1.6,2.4,0.1,1,2,9,7,0.0,4.0,0.0,11,4.0,11.200000000000001,3.9
15,1,4.0,0,5.2,1.8,3.3,0.7,1,10,5,1,2.8,5.8,5.04,15,5.8,1.8,5.1
15,0,1.5,1,4.7,1.0,3.82,0.6,1,6,1,4,3.3,2.5,3.3,7,2.5,4.0,1.9
17,0,1.4,1,6.9,2.4,3.06,1.9,1,4,10,8,1.0999999999999996,3.8,2.6399999999999992,14,3.8,19.2,1.9
16,1,6.6,0,8.9,2.0,3.44,1.7,2,10,9,3,0.0,8.6,0.0,19,17.2,6.0,6.8999999999999995
13,0,5.2,2,8.2,2.8,2.12,1.4,1,1,8,1,0.0,8.0,0.0,9,8.0,2.8,6.6
14,0,4.8,1,6.8,0.8,3.0,0.9,2,4,3,4,1.2000000000000002,5.6,0.9600000000000002,7,11.2,3.2,4.699999999999999
17,0,6.5,2,6.4,0.7,3.57,1.1,2,2,9,6,1.5999999999999996,7.2,1.1199999999999997,11,14.4,4.199999999999999,6.1
15,0,1.2,1,5.2,1.0,2.78,1.3,0,5,8,10,2.8,2.2,2.8,13,0.0,10.0,0.9000000000000001
18,0,6.4,0,4.2,1.1,2.68,0.3,0,10,9,4,3.8,7.5,4.18,19,0.0,4.4,7.2
13,0,7.3,1,6.4,2.3,2.53,0.7,2,9,9,4,1.5999999999999996,9.6,3.679999999999999,18,19.2,9.2,8.9
14,1,7.0,0,6.7,1.9,2.48,1.3,2,7,1,5,1.2999999999999998,8.9,2.4699999999999998,8,17.8,9.5,7.6000000000000005
19,1,2.4,0,7.5,1.8,2.35,1.4,2,3,8,6,0.5,4.2,0.9,11,8.4,10.8,2.8000000000000003
13,0,7.1,0,7.2,1.1,3.69,1.0,2,4,6,3,0.7999999999999998,8.2,0.8799999999999999,10,16.4,3.3000000000000003,7.199999999999999
15,1,4.5,0,7.0,1.5,3.16,1.7,1,4,7,10,1.0,6.0,1.5,11,6.0,15.0,4.3
18,0,1.9,2,5.8,1.7,3.52,0.2,2,6,5,1,2.2,3.5999999999999996,3.74,11,7.199999999999999,1.7,3.3999999999999995
18,0,5.8,0,5.1,1.2,3.24,0.4,0,5,9,2,2.9000000000000004,7.0,3.4800000000000004,14,0.0,2.4,6.6
19,1,7.2,2,6.6,2.9,2.74,0.3,1,1,10,9,1.4000000000000004,10.1,4.0600000000000005,11,10.1,26.099999999999998,9.799999999999999
16,0,5.9,2,7.0,0.8,2.29,1.6,2,6,8,1,1.0,6.7,0.8,14,13.4,0.8,5.1
19,0,7.4,1,5.0,2.0,2.68,1.2,2,1,6,8,3.0,9.4,6.0,7,18.8,16.0,8.200000000000001
18,0,6.6,0,8.1,2.0,3.59,1.6,2,9,4,3,0.0,8.6,0.0,13,17.2,6.0,7.0
18,1,7.9,2,7.5,2.0,2.77,0.9,2,10,4,4,0.5,9.9,1.0,14,19.8,8.0,9.0
16,0,6.1,1,8.1,1.4,3.27,1.6,2,10,1,4,0.0,7.5,0.0,11,15.0,5.6,5.9
17,1,4.6,2,5.1,2.5,2.13,1.0,1,2,5,6,2.9000000000000004,7.1,7.250000000000001,7,7.1,15.0,6.1
19,0,4.0,1,8.2,1.4,3.63,1.3,2,5,3,10,0.0,5.4,0.0,8,10.8,14.0,4.1000000000000005
19,1,4.6,0,4.6,2.5,2.4,1.0,0,10,10,8,3.4000000000000004,7.1,8.5,20,0.0,20.0,6.1
14,1,1.2,1,8.5,1.8,3.65,1.8,0,5,10,10,0.0,3.0,0.0,15,0.0,18.0,1.2
15,0,4.6,2,5.3,3.0,3.25,0.2,2,1,8,7,2.7,7.6,8.100000000000001,9,15.2,21.0,7.3999999999999995
13,0,1.9,2,8.5,0.8,3.33,1.3,1,5,1,3,0.0,2.7,0.0,6,2.7,2.4000000000000004,1.4000000000000001
13,1,7.9,1,5.8,0.8,3.31,1.6,1,3,7,2,2.2,8.700000000000001,1.7600000000000002,10,8.700000000000001,1.6,7.100000000000001
17,0,5.4,0,6.3,2.8,3.06,0.8,2,3,7,9,1.7000000000000002,8.2,4.76,10,16.4,25.2,7.3999999999999995
19,1,1.3,1,4.5,0.7,2.51,0.8,2,10,9,7,3.5,2.0,2.4499999999999997,19,4.0,4.8999999999999995,1.2
13,1,4.3,2,7.5,2.7,2.29,0.8,0,1,10,1,0.5,7.0,1.35,11,0.0,2.7,6.2
14,1,4.1,2,8.0,3.0,2.31,0.8,2,8,4,1,0.0,7.1,0.0,12,14.2,3.0,6.3
14,1,5.2,0,6.7,2.0,3.48,1.0,1,2,1,5,1.2999999999999998,7.2,2.5999999999999996,3,7.2,10.0,6.2
16,0,4.7,2,6.5,1.0,2.91,0.9,1,5,7,3,1.5,5.7,1.5,12,5.7,3.0,4.8
17,0,2.3,1,4.9,1.7,2.07,0.3,1,3,7,7,3.0999999999999996,4.0,5.27,10,4.0,11.9,3.7
14,1,2.8,0,4.3,3.0,2.14,1.9,1,9,3,7,3.7,5.8,11.100000000000001,12,5.8,21.0,3.9
17,1,6.0,0,5.3,2.7,3.2,1.4,1,8,2,4,2.7,8.7,7.290000000000001,10,8.7,10.8,7.299999999999999
15,1,4.3,1,7.5,1.1,2.06,1.8,1,5,7,2,0.5,5.4,0.55,12,5.4,2.2,3.6000000000000005
15,1,1.3,2,7.5,1.3,2.99,1.4,2,1,5,2,0.5,2.6,0.65,6,5.2,2.6,1.2000000000000002
13,1,6.0,2,4.8,2.6,2.74,1.6,0,6,10,8,3.2,8.6,8.32,16,0.0,20.8,7.0
14,0,2.0,0,5.0,2.6,2.71,2.0,2,5,4,3,3.0,4.6,7.800000000000001,9,9.2,7.800000000000001,2.5999999999999996
18,0,5.1,2,8.2,2.8,2.18,0.5,0,8,8,8,0.0,7.8999999999999995,0.0,16,0.0,22.4,7.3999999999999995
17,1,7.2,0,6.1,0.8,3.9,0.2,2,8,3,7,1.9000000000000004,8.0,1.5200000000000005,11,16.0,5.6000000000000005,7.8
15,0,2.3,2,6.5,2.6,3.18,0.1,2,1,8,4,1.5,4.9,3.9000000000000004,9,9.8,10.4,4.800000000000001
18,1,6.8,1,6.5,2.7,2.97,1.9,2,4,4,5,1.5,9.5,4.050000000000001,8,19.0,13.5,7.6
19,1,2.7,1,6.3,1.3,3.91,1.2,0,7,5,7,1.7000000000000002,4.0,2.2100000000000004,12,0.0,9.1,2.8
17,1,4.5,0,4.9,0.5,3.44,1.2,1,5,3,1,3.0999999999999996,5.0,1.5499999999999998,8,5.0,0.5,3.8
13,0,3.3,0,7.4,0.9,2.53,0.2,1,4,10,6,0.5999999999999996,4.2,0.5399999999999997,14,4.2,5.4,4.0
14,0,1.1,0,5.4,1.6,3.34,1.5,1,4,5,8,2.5999999999999996,2.7,4.159999999999999,9,2.7,12.8,1.2000000000000002
15,1,6.8,0,6.6,2.1,3.43,1.7,2,10,10,8,1.4000000000000004,8.9,2.940000000000001,20,17.8,16.8,7.2
19,0,1.7,0,7.0,2.7,2.07,0.5,0,6,4,10,1.0,4.4,2.7,10,0.0,27.0,3.9000000000000004
19,1,3.8,2,7.4,2.6,2.25,0.5,2,7,4,8,0.5999999999999996,6.4,1.5599999999999992,11,12.8,20.8,5.9
19,1,7.2,1,5.0,2.2,2.5,0.7,0,6,9,2,3.0,9.4,6.6000000000000005,15,0.0,4.4,8.700000000000001
17,0,6.0,0,4.2,2.2,2.27,0.5,1,1,4,5,3.8,8.2,8.36,5,8.2,11.0,7.699999999999999
18,0,6.4,1,7.7,0.5,3.05,1.2,2,3,1,2,0.2999999999999998,6.9,0.1499999999999999,4,13.8,1.0,5.7
13,1,7.0,0,4.1,1.9,2.3,0.3,1,3,10,6,3.9000000000000004,8.9,7.41,13,8.9,11.399999999999999,8.6
13,1,6.6,2,5.7,2.5,2.67,1.1,2,2,1,10,2.3,9.1,5.75,3,18.2,25.0,8.0
19,0,1.8,1,4.5,2.8,3.22,1.6,1,5,3,10,3.5,4.6,9.799999999999999,8,4.6,28.0,2.9999999999999996
18,0,6.8,1,6.6,2.0,2.76,1.0,2,3,4,4,1.4000000000000004,8.8,2.8000000000000007,7,17.6,8.0,7.800000000000001
17,1,6.6,2,8.2,0.7,2.88,0.8,2,1,7,7,0.0,7.3,0.0,8,14.6,4.8999999999999995,6.5
18,1,4.5,2,5.0,2.5,2.65,0.7,1,8,9,1,3.0,7.0,7.5,17,7.0,2.5,6.3
18,1,7.4,2,6.4,2.2,3.51,1.0,0,4,5,4,1.5999999999999996,9.600000000000001,3.5199999999999996,9,0.0,8.8,8.600000000000001
13,1,3.9,0,4.5,1.6,2.02,0.6,0,6,6,5,3.5,5.5,5.6000000000000005,12,0.0,8.0,4.9
16,1,4.0,0,4.2,0.5,2.4,1.3,2,6,10,5,3.8,4.5,1.9,16,9.0,2.5,3.2
14,1,4.0,2,4.9,2.7,2.3,0.5,0,7,8,6,3.0999999999999996,6.7,8.37,15,0.0,16.200000000000003,6.2
17,1,3.8,1,4.7,1.2,3.7,1.4,0,2,2,5,3.3,5.0,3.9599999999999995,4,0.0,6.0,3.6
17,1,5.8,0,7.6,0.7,2.83,1.0,1,7,6,8,0.40000000000000036,6.5,0.28000000000000025,13,6.5,5.6,5.5
18,0,3.9,0,4.0,1.8,2.19,1.4,0,1,2,5,4.0,5.7,7.2,3,0.0,9.0,4.300000000000001
16,0,2.8,2,7.4,2.0,3.4,1.6,2,4,1,1,0.5999999999999996,4.8,1.1999999999999993,5,9.6,2.0,3.1999999999999997
16,0,2.1,0,4.6,2.0,2.55,1.8,0,5,4,4,3.4000000000000004,4.1,6.800000000000001,9,0.0,8.0,2.3
17,1,6.4,2,8.6,2.3,2.57,1.3,2,9,10,5,0.0,8.7,0.0,19,17.4,11.5,7.3999999999999995
17,0,3.7,2,5.3,0.7,2.09,0.8,0,8,8,10,2.7,4.4,1.89,16,0.0,7.0,3.6000000000000005
14,1,7.2,2,5.7,2.7,2.76,0.4,2,7,3,7,2.3,9.9,6.21,10,19.8,18.900000000000002,9.5
19,1,4.8,0,7.5,1.0,2.68,1.5,2,9,4,6,0.5,5.8,0.5,13,11.6,6.0,4.3
18,1,6.4,2,7.4,1.5,2.92,0.6,2,9,2,5,0.5999999999999996,7.9,0.8999999999999995,11,15.8,7.5,7.300000000000001
13,1,3.6,1,8.6,0.7,2.42,0.2,1,2,6,8,0.0,4.3,0.0,8,4.3,5.6,4.1
19,1,5.9,2,7.4,0.7,3.27,1.7,0,1,9,9,0.5999999999999996,6.6000000000000005,0.4199999999999997,10,0.0,6.3,4.9
13,0,7.6,1,7.9,3.0,2.54,1.2,0,8,8,1,0.09999999999999964,10.6,0.29999999999999893,16,0.0,3.0,9.4
16,0,7.3,0,7.2,0.5,2.78,1.9,2,7,3,9,0.7999999999999998,7.8,0.3999999999999999,10,15.6,4.5,5.9
14,1,3.8,1,4.8,1.9,3.97,0.2,0,4,6,6,3.2,5.699999999999999,6.08,10,0.0,11.399999999999999,5.499999999999999
16,0,2.6,0,8.6,1.3,3.64,1.6,0,5,3,1,0.0,3.9000000000000004,0.0,8,0.0,1.3,2.3000000000000003
17,1,8.0,1,6.9,2.2,2.36,1.6,2,4,2,8,1.0999999999999996,10.2,2.4199999999999995,6,20.4,17.6,8.6
13,1,7.4,0,7.0,1.8,2.17,1.4,1,9,10,5,1.0,9.200000000000001,1.8,19,9.200000000000001,9.0,7.800000000000001
16,1,6.2,0,7.2,2.6,2.02,1.7,1,5,7,6,0.7999999999999998,8.8,2.0799999999999996,12,8.8,15.600000000000001,7.1000000000000005
19,1,2.0,1,4.1,1.3,3.71,1.6,2,7,7,8,3.9000000000000004,3.3,5.07,14,6.6,10.4,1.6999999999999997
16,1,5.5,1,8.3,2.3,3.47,1.6,1,4,8,5,0.0,7.8,0.0,12,7.8,11.5,6.199999999999999
13,1,7.2,2,4.1,1.3,2.49,1.8,1,5,5,4,3.9000000000000004,8.5,5.07,10,8.5,5.2,6.7
17,0,7.8,2,5.7,1.2,3.72,1.2,0,10,2,6,2.3,9.0,2.76,12,0.0,7.199999999999999,7.8
15,0,4.4,2,5.3,0.9,3.75,0.5,0,10,5,5,2.7,5.300000000000001,2.43,15,0.0,4.5,4.800000000000001
18,1,5.7,0,8.4,2.4,2.84,0.7,2,5,4,9,0.0,8.1,0.0,9,16.2,21.599999999999998,7.3999999999999995
16,1,3.5,0,4.4,1.5,2.7,0.8,0,2,10,8,3.5999999999999996,5.0,5.3999999999999995,12,0.0,12.0,4.2
13,0,3.8,1,7.9,1.3,3.97,0.2,1,7,10,9,0.09999999999999964,5.1,0.12999999999999953,17,5.1,11.700000000000001,4.8999999999999995
13,1,7.5,1,8.6,1.9,3.33,0.9,1,7,3,10,0.0,9.4,0.0,10,9.4,19.0,8.5
15,0,2.2,1,7.5,1.4,3.19,1.8,2,6,1,7,0.5,3.6,0.7,7,7.2,9.799999999999999,1.8
14,1,3.6,2,4.0,1.4,3.83,0.5,1,1,5,2,4.0,5.0,5.6,6,5.0,2.8,4.5
18,1,7.5,2,5.1,2.6,3.82,0.7,2,7,3,8,2.9000000000000004,10.1,7.540000000000001,10,20.2,20.8,9.4
15,1,1.2,0,7.4,2.7,2.92,1.4,2,3,7,4,0.5999999999999996,3.9000000000000004,1.6199999999999992,10,7.800000000000001,10.8,2.5000000000000004
13,0,5.3,2,6.4,1.1,3.32,1.9,1,8,5,10,1.5999999999999996,6.4,1.7599999999999998,13,6.4,11.0,4.5
19,1,1.4,0,4.5,2.3,3.9,0.0,1,2,8,10,3.5,3.6999999999999997,8.049999999999999,10,3.6999999999999997,23.0,3.6999999999999997
13,0,7.2,2,7.4,2.2,3.42,0.1,2,8,9,6,0.5999999999999996,9.4,1.3199999999999994,17,18.8,13.200000000000001,9.3
17,1,2.2,2,7.1,1.1,2.5,1.5,2,2,1,2,0.9000000000000004,3.3000000000000003,0.9900000000000004,3,6.6000000000000005,2.2,1.8000000000000003
13,1,5.6,0,4.4,2.9,3.19,0.9,1,6,3,4,3.5999999999999996,8.5,10.44,9,8.5,11.6,7.6
14,0,5.8,0,4.8,2.6,2.08,0.8,1,6,4,9,3.2,8.4,8.32,10,8.4,23.400000000000002,7.6000000000000005
19,0,1.4,1,6.6,1.8,3.07,0.0,2,5,2,6,1.4000000000000004,3.2,2.520000000000001,7,6.4,10.8,3.2
15,0,3.2,1,4.0,2.0,3.25,0.7,2,8,4,8,4.0,5.2,8.0,12,10.4,16.0,4.5
15,0,3.3,1,6.5,1.3,2.44,0.3,1,7,6,7,1.5,4.6,1.9500000000000002,13,4.6,9.1,4.3
17,0,3.3,2,8.4,2.1,3.4,0.2,0,1,3,10,0.0,5.4,0.0,4,0.0,21.0,5.2
16,1,7.2,0,5.8,2.9,3.16,1.2,1,5,8,9,2.2,10.1,6.38,13,10.1,26.099999999999998,8.9
14,1,3.2,1,5.4,2.6,3.18,0.9,2,9,1,7,2.5999999999999996,5.800000000000001,6.759999999999999,10,11.600000000000001,18.2,4.9
14,0,5.7,1,6.7,2.6,2.35,1.8,0,10,10,7,1.2999999999999998,8.3,3.3799999999999994,20,0.0,18.2,6.500000000000001
15,0,7.95225913837201,0,5.7043400783298175,1.269619451691279,3.544774086162799,0.1173603133192691,0,9,7,5,2.2956599216701825,9.22187859006329,2.9175206918920513,16,0.0,6.4782996083509135,9.10451827674402
16,0,6.862321665111798,0,5.679429328357753,0.637678334888202,3.576904030316888,0.4849286660447192,0,10,8,9,2.3205706716422467,7.5,1.5355200755605156,18,0.0,5.8794293283577534,7.015071333955281
18,1,6.145591712498413,1,4.264707427777073,0.9727958562492065,2.5038257702767552,0.8566189993049385,1,7,9,8,3.7352925722229275,7.11838756874762,3.5801508837482543,16,7.11838756874762,7.88161243125238,6.2617685694426815
19,0,7.475897050396773,0,4.349401966402152,1.7035882015870893,3.380275534576999,1.277093117592469,2,8,7,4,3.650598033597848,9.179485251983863,6.264472413067926,16,18.358970503967726,7.86016657116342,7.902392134391394
14,0,7.352294438446677,0,4.2,2.5304588876893352,2.5129350053979915,1.6609177753786706,2,9,9,3,3.8,9.882753326136012,9.615743773219474,18,19.765506652272023,8.383307742990722,8.22183555075734
18,0,6.022630364126931,1,4.245260728253862,0.9226303641269308,2.447717273544885,0.8377172735448847,1,7,9,8,3.7547392717461383,6.945260728253862,3.451682509777703,16,6.945260728253862,7.760544538096038,6.107543454708978
13,0,7.300541481708897,2,4.8,0.7831077159546265,2.91,1.883649197663523,0,9,9,1,3.2,8.083649197663522,2.5059446910548044,19,1.2466157393193968,1.1820247525368333,6.199999999999999
15,0,7.7132763573654035,1,5.1048718040721575,0.6951281959278421,2.636541295616277,0.8650427319759474,2,8,8,3,2.895128195927842,8.408404553293247,2.1500256033041527,16,16.816809106586494,2.6924500862257017,7.5433618213172995
17,0,7.370550605316057,0,4.311651815948172,1.6061457627876008,3.5120105083761186,0.8938542372123992,2,9,7,3,3.688348184051829,8.976696368103658,5.967655932544204,17,17.953392736207316,5.556979660486793,8.08284213089126
15,0,7.3004168624970625,0,4.101250587491188,2.0970819625205595,2.873793448723273,0.40291803747944055,2,9,9,1,3.8987494125088116,9.397498825017623,8.176868831342519,19,18.794997650035246,2.1204262623560837,8.994580787538181
15,0,7.451537472068092,1,4.463689932963422,1.6150800893821038,2.703308780725098,0.5212299776544741,2,9,9,1,3.5363100670365784,9.066617561450197,6.116967382108495,19,18.133235122900395,1.918155033518289,8.545387583795723
18,0,6.153680732551688,0,4.2,0.976840366275844,2.5137344944723896,0.6078990843103901,0,8,9,7,3.8,7.130521098827532,3.711993391848207,17,4.249007363483383,6.678453223896886,6.522622014517142
15,0,5.7309583059767535,1,4.4417690824040745,2.6685503529215095,3.697985247045057,0.6948402823372077,1,8,7,4,3.558230917595925,8.399508658898263,9.621277486864514,16,8.399508658898263,10.42432456500875,7.704668376561056
16,0,6.823728907502196,1,5.66440694667057,0.6254236974992681,3.544915383669692,0.5254236974992681,0,9,8,9,2.33559305332943,7.449152605001464,1.497965882494877,17,0.5847450424831662,6.177965882494877,6.923728907502196
18,0,7.041297592592154,1,4.549557111110585,2.258702407407846,3.271563325925803,1.6339238518525538,0,9,9,3,3.450442888889415,9.3,7.8410341814837,18,0.0,6.883480962963138,7.666076148147447
17,0,7.413204153363439,1,5.330563322690751,2.2189905431392094,3.3804001853095613,0.423145559103083,1,7,9,7,2.6694366773092484,9.63219469650265,5.831868421740268,16,9.63219469650265,15.63708881793834,9.209049137399566
15,0,7.602739100695935,1,4.826573841670244,1.1312348777730077,2.5369869892344714,0.6421912805567481,2,8,9,2,3.173426158329756,8.733973978468944,4.048529102479609,18,17.467947956937888,1.736713079164878,8.091782697912196
15,0,7.342702426374354,1,4.110675606593588,2.153378032967942,2.7984734358229577,0.5494584923102381,2,9,9,1,3.8893243934064117,9.496080459342297,8.370417751431646,19,18.992160918684593,2.9860753472678407,8.946621967032058
16,1,5.73775412311423,1,4.234264025918785,2.6321699676015182,3.6121001656576093,1.102094058317267,0,9,8,3,3.765735974081215,8.369924090715749,9.956655614032716,17,5.24828548810399,7.896509902804554,7.267830032398481
17,0,7.245480144156652,1,5.196384115325322,2.0624481345462082,3.2652296989875675,0.46787196155822625,1,7,9,7,2.803615884674678,9.30792827870286,5.545619446027351,16,9.30792827870286,14.742560768835475,8.840056317144635
16,0,7.441260655332511,1,4.135315163833128,2.2765758191656382,2.633388402318045,0.8944122936637867,2,9,9,2,3.8646848361668726,9.71783647449815,8.786826268779857,18,19.4356729489963,5.031158598149592,8.823424180834362
15,0,5.57178786879291,0,4.505865808005064,1.0223463232020256,3.1868991523328623,1.4117316160101279,0,8,8,9,3.494134191994936,6.594134191994937,3.5484636393621267,17,2.679051849530118,9.874021686429371,5.182402575984809
18,0,6.068818423711485,1,4.33763684742297,0.968818423711485,2.524697372852475,0.9146973728524749,1,7,9,7,3.66236315257703,7.03763684742297,3.516345793196079,16,7.03763684742297,7.067723644327726,6.1229394745704955
17,0,7.226593792496424,1,4.760655867532185,1.5861565474749673,3.4425684185278937,0.9138434525250327,2,8,8,3,3.2393441324678154,8.812750339971391,5.261092320607313,17,17.625500679942782,4.669217262625163,7.898906887446358
15,0,7.296379604725796,0,5.763965490479473,0.8522415666436878,3.6103620395274203,0.35586196191789266,0,9,7,8,2.2360345095205267,8.148621171369482,1.921776308992798,17,0.0,6.180172547602634,7.7927592094515905
14,0,5.845894711993951,0,4.9079598902834105,1.281964903997984,3.2770777125758928,1.4100752057186061,0,9,8,9,3.0920401097165895,7.127859615991936,3.8561563806832084,17,0.0,12.351739286842166,5.71778441027333
17,0,6.407916762145948,1,4.925185354926129,0.7640277459513507,2.9720186500677506,0.6640277459513507,0,8,8,9,3.0748146450738703,7.171944508097299,2.468194221659455,16,3.772638156881066,7.1481942216594545,6.507916762145948
14,0,7.8,1,5.290305214667105,0.5420107364425456,2.360394938887063,0.8226211657767554,1,8,9,3,2.7096947853328954,8.342010736442546,1.4808796019940844,17,16.373788342232448,1.626032209327637,7.519389570665791
17,1,6.468449336379003,1,4.3880945971324214,2.439881753584473,3.408274658799541,1.4482128435479489,0,9,9,3,3.6119054028675786,8.908331089963477,8.852921265574873,18,2.210131706634671,7.3196452607534175,7.460118246415528
18,0,6.646724032523312,0,4.323362016261656,1.5934480650466234,2.918499898105868,0.8756894092210608,0,9,9,3,3.676637983738344,8.240172097569936,5.77137000977536,19,0.0,5.428016802180466,7.3644826883488745
14,0,6.927511081462906,0,5.302781882023298,1.2205563764046599,3.5956105365167383,0.7752708005603925,0,9,7,6,2.697218117976701,8.148067457867565,3.244219595505089,16,0.0,8.287481530895157,7.372796657307174
14,0,7.335478821257565,0,4.2,2.527095764251513,2.5280690608681917,1.654191528503026,2,9,9,3,3.8,9.862574585509078,9.602963904155748,18,19.725149171018156,8.285777163293877,8.208383057006051
17,0,6.613096200358,0,4.399777687835625,1.12663702504475,2.794539207692425,0.27336297495525,0,9,8,4,3.6002223121643753,7.73973322540275,4.021509700983738,18,0.0,4.6796887629698745,7.4663702504475
14,0,5.353340265719414,0,4.661899810200419,1.0847599240801675,3.583225517909063,1.723799620400837,0,9,8,9,3.3381001897995812,6.438100189799582,3.6139979202841754,17,0.5257826192342258,10.779018899162427,4.714300569398746
18,0,6.994053182713539,1,4.577308624724002,2.1989041061301515,3.2831925874172003,1.62863819256246,0,9,9,3,3.422691375275998,9.19295728884369,7.64977919662113,18,0.0,6.846478644421845,7.56431909628123
15,1,7.0500496960707375,1,4.6666887538092165,1.4250248480353687,3.086698693023364,1.2083526595830647,1,7,9,5,3.3333112461907835,8.475074544106107,4.575054665677811,17,8.475074544106107,6.524925455893894,7.266721884523042
19,0,7.5256512136457525,0,4.316232524236166,1.9026048545830085,3.1182369414657054,1.3931861651734216,2,8,7,4,3.6837674757638346,9.42825606822876,7.0671729134848,16,18.85651213645752,8.42404708798519,8.035069903055339
19,0,7.4242470344493325,0,4.383835310367112,1.4969881377973284,3.652298951900184,1.1565764137151082,2,8,7,4,3.6161646896328876,8.92123517224666,5.431185489115891,16,17.84247034449332,7.274799723759097,7.764658758531553
18,0,7.082748420035307,1,4.599298104042368,2.2172515799646937,3.2831695576098854,1.5676025279435102,0,9,9,3,3.4007018959576327,9.3,7.63129299462135,18,0.0,6.866900631985877,7.7323974720564905
19,0,7.437001554222262,0,4.3753322971851585,1.5480062168890487,3.5851251477627524,1.1863369598519453,2,8,7,4,3.624667702814841,8.985007771111311,5.636958408119162,16,17.970015542222622,7.419350947852305,7.798670811259367
16,0,7.117459403929488,0,4.872618191183895,1.189682425491186,3.0656344296121,0.210317574508814,0,9,8,4,3.127381808816105,8.307141829420674,3.646389568327443,17,0.0,5.341665467657453,8.09682425491186
14,0,7.554947494930097,0,5.535165738862999,1.2670331477725998,3.56307679655918,0.3802182439329016,0,9,7,5,2.4648342611370007,8.821980642702698,3.0954939271276802,16,0.0,7.241754175116505,8.441762398769797
17,0,7.535497953365852,1,4.158874488341463,2.394372441707316,2.4755409281121974,1.2242428367804834,2,8,9,2,3.8411255116585368,9.929870395073168,9.184978852970726,18,19.859740790146336,6.986582532341437,8.705627558292685
15,0,5.633754519035458,1,4.389117031144206,2.6888011418676125,3.712160799307329,0.7110409134940903,1,8,7,3,3.6108829688557935,8.32255566090307,9.821355281652014,16,8.32255566090307,10.112462415238761,7.611514747408981
16,0,7.231407869013832,0,4.979444877200468,1.203925983626729,3.126881729594935,0.19607401637327093,0,9,7,4,3.0205551227995318,8.435333852640563,3.5616403974209616,17,0.0,5.491222828080655,8.23925983626729
14,0,5.330899293602441,0,4.711771159467597,1.110299764534147,3.657193378531532,1.7779290759982567,0,9,8,9,3.2882288405324034,6.441199058136588,3.642801135921011,17,0.0,11.076512536539378,4.663269982138332
18,0,6.113021690981382,1,4.4260433819627645,1.0130216909813823,2.5983694849689707,0.9883694849689704,1,7,9,6,3.5739566180372355,7.126043381962765,3.578230367373935,17,7.126043381962765,6.4046746352792665,6.137673896993794
16,0,7.6998313199904285,1,5.0746204699784645,0.7253795300215351,2.6856156820349346,0.8751265100071784,2,8,8,3,2.925379530021535,8.425210850011965,2.274056073088294,16,16.85042170002393,2.8773193501316037,7.550084340004786
16,1,5.453690504080973,1,4.139298944897885,2.0533200469401676,3.2476745604091746,0.8,1,8,7,5,3.860701055102114,7.507010551021141,7.972579132658557,16,7.507010551021141,8.28210316530634,6.707010551021141
18,0,6.051250733788046,1,4.302501467576091,0.9512507337880457,2.4954178896467427,0.8854178896467428,1,7,9,7,3.6974985324239085,7.002501467576091,3.491751027303264,16,7.002501467576091,7.331238993179315,6.117083577929349
16,0,6.248020767835355,2,4.774010383917678,1.8447348246674018,2.927826677750827,0.34309185308342527,0,7,7,8,3.2259896160823223,8.092755592502757,5.735294968258728,14,4.223001602175674,15.474010383917676,7.749663739419332
14,0,7.8,1,5.2809464511229995,0.5825653784670017,2.3993897869875016,0.844458280713001,1,8,9,3,2.7190535488770005,8.382565378467003,1.6072229098395057,17,16.15541719286999,1.7476961354010052,7.5381070977540015
14,0,5.325775307345194,0,4.6815890661820045,1.0926356264728019,3.633236228102291,1.7631781323640086,0,9,8,9,3.3184109338179955,6.418410933817996,3.622267407796442,17,0.25407088668834055,10.893216583855626,4.655232801453987
13,0,7.71968872871962,1,5.0,1.7464591524797468,3.5807081695040504,1.4464591524797468,1,8,9,3,3.0,9.466147881199367,5.23937745743924,17,10.617276102884812,5.426770423760127,8.01968872871962
15,0,7.408203178896199,1,5.502734392965399,1.7931640175865013,2.149277470406066,0.29726560703460053,0,7,8,8,2.4972656070346004,9.201367196482702,4.479355333111234,16,0.0,16.067381941178127,8.9041015894481
15,0,7.686961409471307,2,5.262320469823768,0.5527513422467236,2.3644618456079525,0.8376795301762312,1,8,9,3,2.7376795301762313,8.23971275171803,1.5376440602776311,17,15.914232550792594,1.6582540267401709,7.402033221541799
17,0,7.308285602831088,1,4.869942723397306,1.991714397168912,3.3463199687927045,1.2067430354702593,0,9,9,3,3.1300572766026944,9.3,6.490074849674693,18,0.0,6.776685758867565,8.093256964529742
18,0,6.698480587455805,1,4.758784469964644,1.5519152149587514,2.8896233367196533,0.6137385100117853,1,7,9,8,3.2412155300353556,8.250395802414557,4.612073535924574,16,8.250395802414557,11.825229799764294,7.636657292402772
17,1,7.125044625265014,2,4.575026775159008,1.8998571991519548,3.17246876231449,1.7750267751590085,0,9,9,2,3.4249732248409916,9.02490182441697,6.5969814544205345,19,0.0,5.349446646713825,7.249875049257961
15,0,7.861065203612228,0,5.569748628386464,1.2826331504515287,3.465322546941573,0.11736684954847143,0,9,7,4,2.4302513716135357,9.143698354063758,3.093332754813405,16,0.0,6.3176480797410495,9.026331504515287
16,0,5.7096046726278304,0,4.407425233837264,0.9829700935349057,2.9368600939466507,1.2148504676745282,0,8,8,9,3.592574766162736,6.692574766162736,3.5071185982116506,16,4.037531773045757,9.303066356256132,5.477724298488209
18,0,7.254775831185631,1,4.8356725064431085,1.4,3.6856042902706596,1.1,2,8,7,4,3.164327493556891,8.65477583118563,4.430058490979647,16,17.30955166237126,5.9834308182994125,7.554775831185631
16,0,7.2,1,4.805664961633965,1.6672106777532985,3.407081202042456,1.221459398978772,2,8,8,3,3.1943350383660354,8.867210677753299,5.487469629174983,16,17.734421355506598,6.061545716119333,7.645751278774527
16,0,7.437785054927579,2,5.462214945072422,1.9889252746378931,2.6249842195512803,0.33778505492757865,0,7,9,8,2.5377850549275784,9.426710329565474,5.0592188129281634,16,3.7029353829027074,16.16221494507242,9.088925274637894
18,0,7.241084832329632,1,4.789301798795559,2.058915167670368,3.3275037530522966,1.3142642682725891,0,9,9,3,3.210698201204442,9.3,6.8301107484120624,18,0.0,6.803566067068147,7.985735731727412
16,0,7.2,1,4.83596373719478,1.6255498613571773,3.444954671493475,1.2025226642532625,2,8,8,3,3.1640362628052197,8.825549861357176,5.286740241084582,16,17.651099722714353,5.989586124162397,7.623027197103915
16,0,6.774278780244101,0,5.397692096781123,0.7257212197558992,3.4061008336735554,0.4497115120976403,0,10,8,8,2.6023079032188776,7.5,2.0391253770037436,18,0.0,5.597692096781122,7.0502884879023595
14,0,7.1977950232715004,1,4.635160921784455,0.8098927188103635,2.846811686684041,1.5329559450559551,0,10,9,1,3.3648390782155455,8.007687742081863,2.7729796862302627,19,0.0,1.7165076489958624,6.474731797025909
14,1,5.659514652321752,1,4.28650488410725,2.5927723509919436,3.7444099172182277,0.9450593543056396,1,8,7,3,3.7134951158927496,8.252287003313695,9.776103377475529,16,8.252287003313695,7.778317052975829,7.307227649008056
13,1,7.439110333739596,2,4.763466200243758,0.8948469320332924,2.952622766382283,1.9634662002437577,0,9,9,1,3.2365337997562427,8.333957265772888,2.9475379219458935,19,0.0,1.455031861629008,6.37049106552913
16,0,5.834601909221097,2,4.567300954610548,1.694400694262217,2.758700781044994,0.3243000867827771,0,7,7,9,3.4326990453894517,7.529002603483313,5.654490373165942,14,2.3814085047121587,15.267300954610548,7.204702516700537
17,0,7.42965529831317,1,5.343724238650537,2.234344945092292,3.3916966381750435,0.418758587116488,1,7,9,7,2.6562757613494634,9.664000243405463,5.859945042454476,16,9.664000243405463,15.72482825767024,9.245241656288975
16,0,6.835787787746855,2,5.177593021569631,1.7193982553924079,2.240155717630376,0.3,0,7,8,9,2.8224069784303687,8.555186043139264,4.782106106126573,15,0.0,15.87759302156963,8.255186043139263
14,0,7.988907628984849,0,5.6800337321727286,1.2866891547818191,3.52602361252091,0.1421510098575731,0,9,7,4,2.3199662678272714,9.27559678376667,2.9733614434772737,16,0.0,6.37132849622425,9.133445773909097
16,0,6.404036589379036,2,4.852018294689518,1.9014678506832856,2.991651332018696,0.3501834813354107,0,7,8,8,3.147981705310482,8.305504440062322,5.765788969742266,15,4.91798117087025,15.552018294689518,7.955320958726911
14,0,7.761894651605493,0,5.271410372889887,1.0142735819265916,3.2399872610229212,1.004800323899127,0,9,7,3,2.7285896271101127,8.776168233532085,2.632841977408239,17,0.0,3.737977958623718,7.771367909632958
16,0,6.815685745031251,0,5.530194384100001,0.6843142549687493,3.4864303453606262,0.46627429801250025,0,10,8,8,2.469805615899998,7.5,1.8022775384212468,18,0.0,5.7301943841000025,7.0337257019875
18,0,7.546111380114476,1,4.44622179181684,2.2306673122747407,2.646276997668022,1.5845559321602654,2,8,8,4,3.5537782081831604,9.776778692389216,8.131825278100438,16,19.553557384778433,8.922669249098963,8.192222760228951
18,0,6.055084279436081,1,4.310168558872163,0.9550842794360813,2.501807132393469,0.8918071323934689,1,7,9,7,3.6898314411278372,7.010168558872163,3.497117991210514,16,7.010168558872163,7.27373580845878,6.118361426478694
17,0,6.348039351840265,2,4.816013117280089,1.1775816358078761,2.8911045216094955,1.2839868827199115,1,8,9,3,3.183986882719912,7.525620987648142,3.760254675945159,18,7.791438734497611,3.532744907423628,6.24163410492823
13,0,7.2,0,4.270726578692518,2.402750954297789,2.7384082233656466,1.5557958883171767,2,9,8,3,3.7292734213074827,9.602750954297788,9.031436416162073,18,19.205501908595576,7.332024375605272,8.046955065980612
18,0,7.595908919734817,1,4.366545728424294,2.3501814073635594,2.5018641327690325,1.6542724876287431,2,8,8,4,3.6334542715757063,9.946090327098377,8.697525328187513,16,19.892180654196753,9.400725629454238,8.291817839469633
15,0,7.282008820572473,0,4.282008820572473,2.0489514868514,3.1133498362344714,1.394977948568818,2,9,8,3,3.717991179427527,9.330960307423872,7.671203301233857,17,18.661920614847745,7.294977948568818,7.935982358855055
19,0,7.555986209894458,0,4.2960091934036955,2.0239448395778297,2.958472627889191,1.4639678230870674,2,8,8,4,3.7039908065963045,9.579931049472288,7.556577519630579,16,19.159862098944576,8.767843712137186,8.11596322638522
15,0,7.547678532800955,1,5.0,1.6317856885339699,3.603642862293206,1.33178568853397,1,8,9,3,3.0,9.179464221334925,4.89535706560191,17,12.79607191785457,5.484107155733015,7.847678532800955
18,0,6.321533173605569,1,4.670800958366586,1.178466826394431,2.860473700707191,1.0846682639443095,0,9,9,3,3.3291990416334145,7.5,3.9132127902589344,19,5.8850119795823215,3.772265388844552,6.41533173605569
18,0,6.5524470501180305,2,4.691808407092273,1.5967025073283332,3.036223525059015,1.444255457210303,0,9,10,3,3.3081915929077272,8.149149557446364,5.358288687138439,19,4.795210177306817,4.790107521985,6.704894100236061
17,1,6.350919598465149,1,4.355964265984511,1.0754597992325743,2.6361481856775404,0.9364687327364467,1,7,9,7,3.6440357340154894,7.426379397697723,3.8060115583116634,16,7.426379397697723,7.573620602302277,6.489910664961276
19,0,7.670945317602988,0,4.219369788264675,2.4837812704119515,2.3530213272909304,1.7322057410736384,2,8,8,4,3.780630211735325,10.15472658801494,9.41125112399487,16,20.30945317602988,10.070713599500529,8.422520846941302
17,0,6.591368143951354,0,4.812378060644333,0.908631856048646,3.051254199265627,0.3765472575805416,0,10,8,6,3.187621939355667,7.5,3.0853742165982547,18,0.0,5.012378060644333,7.123452742419459
18,0,7.407814909963049,0,4.417583547416861,1.38241645258314,3.7514755786348717,1.0941388175277136,2,8,7,4,3.5824164525831397,8.790231362546189,4.967907455590874,16,17.580462725092378,6.892544988008078,7.696092545018477
19,0,7.517573645137435,0,4.321617569908377,1.8702945805497377,3.1607788022761785,1.3743385053206805,2,8,7,4,3.678382430091623,9.387868225687173,6.936854808217275,16,18.775736451374346,8.332501311557591,8.013529720366492
16,0,6.627946371893478,1,4.927637618108967,2.4816778391888583,3.567174487432201,0.5453422713510869,1,7,8,5,3.0723623818910326,9.109624211082338,7.774977051185923,16,9.109624211082338,13.302161276491574,8.56428193973125
14,0,7.167110634874665,1,5.354815608542226,0.6445184391457774,3.320563550321247,1.1677765871866614,0,10,8,5,2.6451843914577746,7.811629074020441,1.7295696401411522,18,0.0,3.6405227252737955,6.64385248683378
16,0,6.909100209105134,1,5.68169728163327,0.7547035547872614,3.614509184489981,0.6092025092615964,0,9,8,9,2.3183027183667297,7.663803763892394,1.9324440727754526,18,0.0,6.081901881946197,7.054601254630798
14,0,7.863198516325114,0,5.453757329385206,1.1358382195901369,3.367630130569644,0.6198456379645663,0,9,7,3,2.5462426706147943,8.99903673591525,2.784797774487671,16,0.0,4.913102789371324,8.379191097950685
17,0,7.452553693100889,1,5.043064431721066,1.8474463068991116,3.386715034068249,0.9759140910385784,0,9,8,3,2.956935568278934,9.3,5.760078312909504,17,0.0,6.718978522759644,8.324085908961422
18,0,6.180364178966442,0,4.2,0.990182089483221,2.5317458208023482,0.5745447762919478,0,8,9,6,3.8,7.170546268449663,3.7626919400362393,17,3.7887179128288797,6.431631344560413,6.596001492157715
13,0,7.2089528721596725,0,4.191047127840328,2.4641885113613093,2.6696963187512797,1.4925655340839277,2,10,9,2,3.8089528721596726,9.673141383520981,9.382717374708287,19,19.346282767041963,7.016544903377675,8.180575849437053
14,0,7.8,1,5.210612164537415,0.8873472870045356,2.6924493144274377,1.0085716160793654,1,8,9,3,2.7893878354625854,8.687347287004537,2.5567357787448994,17,14.514283839206348,2.662041861013607,7.67877567092517
16,0,5.666521593210508,0,4.438198861992495,0.9952795447969978,3.015025109460936,1.2763977239849889,0,8,8,9,3.5618011380075054,6.661801138007506,3.520043522036848,16,3.6128557045035774,9.481553399556468,5.385403414022518
14,0,7.269764187149346,0,4.130235812850653,2.220943251402615,2.803481211728562,0.7628297542078439,2,10,9,1,3.8697641871493467,9.490707438551961,8.586089148343564,19,18.981414877103923,3.732733893935298,8.727877684344117
18,0,7.379647177567388,0,4.338941532702163,1.542469757028286,3.594789315863228,0.9575302429717142,2,9,7,4,3.6610584672978366,8.922116934595675,5.681113906627286,16,17.84423386919135,6.002711700801999,7.9645866916239605
15,1,6.9731757456968895,1,4.632522553643062,1.3865878728484449,3.03715770278244,1.1784572344376794,1,7,9,5,3.3674774463569377,8.359763618545335,4.490493320266578,17,8.359763618545335,6.640236381454666,7.181306384107655
13,0,7.705254849011226,0,4.873673132014968,1.9105360094869033,3.4247241018172128,1.515790858498129,1,8,9,3,3.126326867985032,9.615790858498128,6.047425198423291,18,11.147504132816644,5.73160802846071,8.1
17,0,7.54621645173692,1,5.122701289578477,2.3693246776053805,3.153457999231093,0.7235151621584437,1,7,9,6,2.8772987104215226,9.915541129342301,6.881220808869949,16,12.295688393793709,14.782831125497765,9.192025967183858
14,0,7.8,1,5.28012920664444,0.5861067712074256,2.4027949723148323,0.8463651844963062,1,8,9,3,2.71987079335556,8.386106771207427,1.618255710300057,17,16.13634815503694,1.758320313622277,7.53974158671112
18,0,7.390827746719074,0,4.4275167598427805,1.4,3.7740380353673975,1.1,2,8,7,4,3.57248324015722,8.790827746719074,5.001476536220108,16,17.58165549343815,6.935794227033514,7.690827746719075
15,0,7.772483410653255,0,5.624161136884418,1.4895971577889544,3.005336015035149,0.17583886311558175,0,8,7,6,2.3758388631155816,9.26208056844221,3.562583416522642,16,0.0,10.178184861105715,9.086241705326628
15,0,7.626293295887293,1,4.883103910129503,1.055861453160663,2.511077374523978,0.6610346367098343,2,8,9,2,3.1168960898704974,8.682154749047957,3.7263077122618338,18,17.364309498095913,1.7084480449352486,8.021120112338123
16,0,7.479086920892149,2,5.4209130791078515,2.195434604460743,3.1660386636871465,0.37908692089214857,0,7,9,7,2.579086920892148,9.674521525352892,5.670486429203798,16,7.750518247430562,16.12091307910785,9.295434604460743
16,0,7.457964993447174,2,5.4420350065528265,2.0898249672358693,2.889341414157977,0.35796499344717386,0,7,9,7,2.5579649934471735,9.547789960683044,5.357881903018172,16,5.680569357823037,16.142035006552824,9.18982496723587
15,0,7.629218394771727,1,4.890124147452146,1.046501136730472,2.5078597657510997,0.663374715817382,2,8,9,2,3.1098758525478543,8.6757195315022,3.686292359522769,18,17.3514390630044,1.704937926273927,8.012344815684818
18,0,7.431368291642965,1,4.629810733371256,1.955283899943116,2.979031954235402,1.423915608300151,2,8,8,4,3.370189266628744,9.38665219158608,6.828343793064081,16,18.77330438317216,7.821135599772464,7.96273658328593
15,0,7.109821261524642,1,4.907976168203286,1.5239285046098567,3.2663213550708425,1.4079761682032856,1,8,10,3,3.0920238317967144,8.633749766134498,4.682214111985628,18,8.633749766134498,4.57178551382957,7.225773597931213
15,0,6.856757283455931,0,4.449140336430508,0.9339064423796615,2.775503795631695,1.0058976198864387,0,10,9,2,3.5508596635694922,7.790663725835592,3.3744462455413577,19,0.0,2.863634592011869,6.784766105949154
16,0,7.440030048891028,2,5.459969951108972,2.0001502444551407,2.6543936404724686,0.34003004889102817,0,7,9,8,2.540030048891028,9.44018029334617,5.0924447235872154,16,3.9229447913207576,16.15996995110897,9.100150244455142
14,0,7.2,0,4.441865941042455,2.167434331066625,2.952332426303068,1.448833786848466,2,9,8,3,3.5581340589575454,9.367434331066624,7.897638140593738,18,18.73486866213325,6.9255683900241705,7.918600544218159
17,0,7.2,1,4.855946182120562,1.5980739995842284,3.4699327276507015,1.1900336361746493,2,8,8,3,3.144053817879439,8.798073999584227,5.154356543451282,16,17.596147999168455,5.942127817463667,7.608040363409579
15,0,7.269650146622708,1,4.373148680395628,1.8875510263589552,3.1067288563428783,0.6124489736410448,2,9,9,1,3.6268513196043712,9.157201172981663,6.9790408502460455,18,18.314402345963327,3.1622448682052235,8.544752199340618
15,0,7.623498364307259,1,5.235335514256989,2.094169392821236,3.4935159578664785,0.852827335793281,1,7,9,5,2.764664485743011,9.717667757128496,5.741236495672633,16,9.717667757128496,11.695225006374448,8.864840421335213
14,0,7.2874317604854415,0,4.112568239514558,2.1502729580582334,2.8423498730679717,0.5508188741746993,2,10,9,1,3.887431760485442,9.437704718543674,8.354643937640715,19,18.87540943708735,2.7786849337861472,8.886885844368976
15,0,7.557618027432105,1,4.718283265837053,1.2756223122172625,2.586620169824684,0.6060944219456844,2,8,9,2,3.281716734162947,8.833240339649368,4.665785384728798,18,17.666480679298736,1.7908583670814735,8.227145917703684
14,0,5.356468266532781,0,4.7215117205839165,1.118822755510927,3.6383210413686617,1.7596655239051564,0,9,8,9,3.2784882794160835,6.475291022043708,3.653393996135009,17,0.0,11.139826183795456,4.715625498138552
16,0,7.640774158216384,1,4.941741855986864,0.8582581440131358,2.901174322510198,0.9194193813377121,2,8,8,3,3.058258144013136,8.499032302229521,2.8188583904538564,16,16.998064604459042,3.689355324524719,7.579612920891809
19,0,7.467154719771896,0,4.355230186818736,1.6686188790875847,3.426318475868013,1.2566943461344244,2,8,7,4,3.644769813181264,9.135773598859481,6.123429478986591,16,18.271547197718963,7.76108682408149,7.879079252725058
14,1,5.581165280519986,1,4.260388426839995,2.621790636844449,3.750793940105779,0.9247465542088856,1,8,7,3,3.739611573160005,8.202955917364436,9.93628431538136,16,8.202955917364436,7.865371910533346,7.2782093631555504
18,0,7.372541313911194,1,4.723933897742091,1.814099153386864,3.149630189657539,1.3415578394756709,2,8,8,4,3.2760661022579094,9.186640467298057,6.160069326031156,16,18.373280934596114,7.256396613547456,7.845082627822387
16,0,7.234761921448269,1,4.687142706965584,1.6433334501378785,3.3788570127035067,0.8566665498621215,2,8,8,2,3.312857293034415,8.878095371586147,5.587000665785907,17,17.756190743172294,4.383332749310608,8.021428821724026
18,0,6.977736722960384,2,4.5095414044455495,2.265014850366318,3.248868361480192,1.6872781274059339,0,9,10,3,3.4904585955544505,9.242751573326704,7.916102290947454,19,0.2385351111387385,6.795044551098955,7.55547344592077
16,0,5.615899283554814,0,4.474357654603704,1.0097430618414818,3.106868442693409,1.3487153092074087,0,8,8,9,3.5256423453962955,6.625642345396296,3.5352302149335557,17,3.1138643664688805,9.691274396701484,5.276927036188887
19,0,7.539672948880243,0,4.3068847007465045,1.9586917955209724,3.0443891358973865,1.425903547387234,2,8,7,4,3.693115299253495,9.498364744401217,7.2933902419345875,16,18.996729488802433,8.582960087309422,8.072461197013983
15,0,7.622004257864007,1,4.872810218873616,1.0695863748351777,2.5157953163495925,0.6576034062912056,2,8,9,2,3.1271897811263836,8.691590632699185,3.7849817524203857,18,17.38318126539837,1.7135948905631917,8.03398722640798
17,0,6.173060715475111,1,4.725952084027147,1.3692523793665188,3.0030888086515857,1.247108631447963,1,9,9,3,3.274047915972852,7.54231309484163,4.588941778696846,18,7.54231309484163,4.107757138099556,6.295204463393667
13,0,7.2,0,4.302998718639715,2.3583767618703915,2.7787483982996437,1.5356258008501782,2,9,8,3,3.6970012813602846,9.558376761870392,8.817633489011888,18,19.116753523740783,7.255378043230676,8.022750961020213
15,0,7.601940292013906,2,5.200970146006953,0.7970895619791398,2.7590323527025067,0.8990298539930467,2,8,8,3,2.799029853993047,8.399029853993047,2.290783612933943,16,16.798059707986095,2.8534080045716372,7.500000000000001
18,0,6.592949658808018,0,4.2964748294040085,1.4858993176160347,2.866518003514417,0.7502158705520405,0,9,9,3,3.703525170595991,8.078848976424052,5.4245252993117115,19,0.0,5.203956911700073,7.3286331058720116
17,0,7.2,1,4.926167531017003,1.5015196448516206,3.5577094137712537,1.1461452931143732,2,8,8,3,3.073832468982997,8.70151964485162,4.689140107012354,16,17.40303928970324,5.775352113834617,7.555374351737248
18,0,7.603770921188741,1,4.777374472867552,2.455656381783112,2.7966202886298035,1.1263964483211897,1,7,9,5,3.2226255271324478,10.059427302971853,8.003532963180454,16,15.403629744192035,13.14252874612087,8.933030854650664
16,0,7.687784717096083,0,5.3253416605153,1.612215282903917,3.452579720786903,0.5995444526462672,0,9,7,4,2.6746583394847003,9.3,4.56980933149382,16,0.0,6.624886113161566,8.700455547353734
17,0,6.64417149322637,0,4.981348778324382,0.8558285067736306,3.1536926968591565,0.39766859729054777,0,10,8,6,3.018651221675618,7.5,2.7833390587451667,18,0.0,5.181348778324383,7.102331402709452
16,0,7.123253561481135,1,5.195929012468948,2.378488841358097,3.4949421889506675,0.4627910730864775,1,7,8,6,2.8040709875310514,9.501742402839232,6.755469752617996,16,9.501742402839232,14.891271843085306,9.038951329752754
16,0,7.462271403475793,2,5.437728596524208,2.1113570173789635,2.945755385532885,0.36227140347579273,0,7,9,7,2.5622714034757923,9.573628420854757,5.421616771441732,16,6.1025975406276896,16.137728596524205,9.211357017378964
16,0,7.500778507315094,1,5.3989619902465416,2.2987024878081765,3.440337353169874,0.4028545268220112,1,7,9,6,2.6010380097534584,9.799480995123272,5.978494885857484,16,9.799480995123272,16.07223323909498,9.39662646830126
17,0,6.497548339446619,2,4.865849446482207,1.1078107749249106,2.8322976531509965,1.2341505535177935,1,8,9,3,3.1341505535177934,7.605359114371531,3.512069756518611,18,8.69845992597616,3.323432324774732,6.371208560853738
13,0,7.749289795391591,1,5.0,1.7661931969277274,3.5767613606144546,1.4661931969277273,1,8,9,3,3.0,9.515482992319317,5.298579590783182,17,10.242329258373182,5.416903401536136,8.04928979539159
16,0,7.240272191774457,1,4.637550274029888,1.6819053424211985,3.3358769041592358,0.8180946575788015,2,8,8,2,3.3624497259701127,8.922177534195656,5.806860451800832,17,17.844355068391312,4.190473287894006,8.104082876616854
15,0,7.991754197520089,0,5.697251399173363,1.3068715020665924,3.520622364172209,0.10274860082663698,0,8,7,5,2.3027486008266367,9.298625699586681,3.0107519362411086,16,0.0,6.633307140091894,9.195877098760045
17,0,6.417068418611401,1,4.941454966420268,0.7609771937961998,2.984627598975708,0.6609771937961998,0,8,8,9,3.058545033579732,7.178045612407601,2.4468403565733983,16,3.7024754573125946,7.126840356573398,6.517068418611401
18,1,6.13672483360662,1,4.260766592714054,0.9683624168033103,2.4981115594353778,0.8531707686247968,1,7,9,8,3.7392334072859463,7.10508725040993,3.5703973169672825,16,7.10508725040993,7.89491274959007,6.251916481785134
15,0,7.445825200323894,2,5.181941733441298,0.6652815731821831,2.4593087545392684,0.9180582665587023,1,8,9,3,2.8180582665587024,8.111106773506076,1.9379301674623368,17,14.451339548631623,1.995844719546549,7.193048506947375
17,0,7.579977704468793,0,4.2,2.5759955408937585,2.3080200659780865,1.751991081787517,2,8,9,3,3.8,10.155973245362551,9.788783055396282,17,20.311946490725102,9.703870685918998,8.403982163575034
14,0,6.049974793642345,0,5.215607670629113,0.865632876986767,3.665937972619206,1.1906454801655943,0,10,8,10,2.7843923293708874,6.915607670629113,2.5472238916788634,18,0.0,8.65632876986767,5.724962190463518
17,0,6.847174301773657,0,4.619225907912803,1.1558967877217072,2.9203561872033403,0.24410321227829296,0,9,8,4,3.380774092087197,8.003071089495364,3.847414113055843,18,0.0,4.986916271077924,7.758967877217071
18,0,7.668829318744379,1,4.249873090008993,2.52519036498651,2.2903949756413002,1.756361046242131,2,8,8,4,3.750126909991007,10.19401968373089,9.525901060936148,16,20.38803936746178,10.10076145994604,8.43765863748876
15,0,7.837486998903151,0,5.7147739091906224,1.1965826356656413,3.556251300109685,0.1590956367624907,0,9,7,5,2.285226090809377,9.034069634568793,2.7432757165166013,16,0.0,6.426130454046887,8.874973997806302
16,0,7.2071427571075475,2,5.253571378553774,2.193506457130017,3.3201947642712697,0.3866883071412522,0,7,8,7,2.746428621446226,9.400649214237566,5.922759720707384,15,8.495454099842714,15.953571378553772,9.013960907096314
14,0,7.155882055943664,1,4.612299303241999,0.8251337978386676,2.8380480662427665,1.468181359185663,0,10,9,1,3.3877006967580012,7.981015853782331,2.846898919517537,19,0.0,1.8574876300076752,6.512834494596668
14,0,5.40889152915646,0,4.622220336316815,1.0688881345267258,3.4824396542447085,1.6444406726336287,0,9,8,9,3.3777796636831856,6.477779663683186,3.597332541253062,17,1.073359358827962,10.548877950637523,4.833338991049557
17,1,6.450690782384543,1,4.40030701439313,1.1253453911922713,2.7004451708700388,0.9752686375939889,1,7,9,7,3.59969298560687,7.576036173576814,3.9157598606229973,16,7.576036173576814,7.423963826423186,6.6007675359828255
13,0,7.206094430546719,0,4.206094430546719,2.4664806319930466,2.6844335325889612,1.584763923633203,2,9,8,3,3.793905569453281,9.672575062539764,9.36409419880817,18,19.345150125079527,7.484763923633203,8.087811138906561
18,0,7.386721498107472,0,4.360164494322417,1.4929495132476935,3.659165632777998,1.0070504867523065,2,9,7,4,3.6398355056775826,8.879671011355168,5.458272809614622,16,17.759342022710335,6.349353407266145,7.87262052460286
14,1,6.056196011141439,1,4.418732003713813,2.4458533292068743,3.712087732425512,1.0479026695551878,1,8,8,3,3.5812679962861873,8.502049340348313,8.965110377221947,16,8.502049340348313,7.337559987620622,7.454146670793125
13,0,7.8,1,5.119149149751225,1.2836870177446928,3.0735452093698967,1.2219853172471422,1,8,9,3,2.8808508502487755,9.083687017744692,3.791486478358466,17,12.380146827528577,3.8510610532340785,7.861701700497551
17,0,7.262921499919488,2,5.031460749959744,1.305617750120767,3.5105240085118004,1.0685392500402557,2,8,8,3,2.968539250040256,8.568539250040255,3.9011228753824287,16,17.13707850008051,5.170036417216828,7.5
18,0,7.252518958781236,1,4.842443123656292,1.4,3.6841373232078034,1.1,2,8,7,4,3.1575568763437083,8.652518958781236,4.420579626881191,16,17.305037917562473,5.967632711468653,7.552518958781237
14,0,5.7921664718850865,0,4.882283878475958,1.1364567756951918,3.654480257013366,1.4901174065908713,0,9,7,9,3.1177161215240417,6.928623247580279,3.5133383177753865,17,0.0,10.179722546858189,5.438505840989408
16,0,7.461620944788698,2,5.130810472394349,1.0075685828169527,3.070073572385052,0.969189527605651,2,8,8,3,2.869189527605651,8.469189527605652,2.957300512253683,16,16.938379055211303,3.8122568772772287,7.5
15,0,7.720354992938965,1,5.108851983053517,0.7548640225953103,2.4076095077671376,0.7362839943511725,2,8,9,2,2.8911480169464827,8.475219015534277,2.439543696594951,17,16.950438031068554,1.5955740084732413,7.738935021183104
16,0,5.487329090295318,2,4.407045194454467,1.5267612986136168,2.503426225228057,0.3,0,7,7,9,3.5929548055455327,7.014090388908935,5.456335454852342,14,0.0,15.107045194454468,6.714090388908935
16,0,7.467667782007762,0,4.2,2.553533556401552,2.4090989961930145,1.7070671128031047,2,8,9,3,3.8,10.021201338409314,9.703427514325899,17,20.04240267681863,9.052473135645018,8.314134225606209
13,0,7.339929846929881,0,4.386573129239841,2.336748511915139,2.864559098625817,1.57667835884502,1,9,9,3,3.6134268707601587,9.676678358845018,8.543812712645815,18,17.114479166811947,7.010245535745417,8.1
19,0,7.597121940716522,0,4.268585372855652,2.188487762866088,2.741824445559651,1.5599511950052178,2,8,8,4,3.7314146271443476,9.78560970358261,8.220233976893219,16,19.57121940716522,9.234048661453915,8.225658508577393
14,0,5.3,0,4.510412023427778,1.2895879765722225,3.139674266769166,1.0890450878541658,0,8,7,10,3.4895879765722224,6.589587976572223,4.540022287546668,16,0.0,12.895879765722224,5.500542888718057
16,0,6.65428096311346,2,5.073874836064834,1.6934687090162086,2.275592764344515,0.3,0,7,8,9,2.9261251639351658,8.34774967212967,4.872859518443271,15,0.0,15.773874836064834,8.047749672129669
15,0,7.624411420145788,1,4.878587408349891,1.0618834555334784,2.513147437839633,0.6595291361166304,2,8,9,2,3.121412591650109,8.686294875679266,3.75205177240562,18,17.372589751358532,1.7107062958250545,8.026765739562636
15,0,7.539791050877125,1,4.6754985221051,1.3326686371931997,2.6062298440351626,0.5918328407017002,2,9,9,1,3.3245014778949002,8.872459688070325,4.909658424000929,18,17.74491937614065,1.81225073894745,8.280626847368625
15,0,7.2,1,4.667359587771336,1.8573805668144137,3.234199484714169,1.3079002576429155,2,8,8,3,3.3326404122286646,9.057380566814413,6.403742731014903,17,18.114761133628825,6.390020979043078,7.749480309171498
17,1,7.131588762302544,2,4.578953257381526,1.8789159606318604,3.1678878663882193,1.778953257381526,0,9,9,2,3.421046742618474,9.010504722934405,6.520938582044442,19,0.0,5.268299347448459,7.2315514655528785
17,0,7.523096906380175,1,4.155774226595043,2.3788711329752186,2.4963126818132073,1.1808391723306122,2,8,9,2,3.8442257734049563,9.901968039355394,9.132584429456239,18,19.803936078710787,6.729260807388631,8.721128867024781
19,0,7.524039369601772,0,4.317307086932152,1.8961574784070891,3.1267259867639994,1.3894251957374686,2,8,7,4,3.682692913067848,9.420196848008862,7.041168496241925,16,18.840393696017724,8.40577952215342,8.030771652271394
16,0,7.343554145747736,0,4.230662437243208,1.795120979765849,3.2663427263043965,0.7048790202341512,2,9,8,2,3.7693375627567924,9.138675125513585,6.818044408946321,18,18.27735025102717,4.234153141639057,8.433796105279434
16,0,7.006036201522063,0,4.768158938926934,1.175754525190258,3.0057444583181088,0.2242454748097421,0,9,8,4,3.231841061073066,8.181790726712322,3.7292605751179653,17,0.0,5.195422514497708,7.957545251902579
14,0,7.8,1,5.198765949838425,0.9386808840334935,2.7418085423398972,1.0362127837103428,1,8,9,3,2.8012340501615753,8.738680884033494,2.7166596771812683,17,14.237872162896574,2.8160426521004807,7.702468100323151
19,0,7.430105780856497,0,4.379929479429003,1.520423123425985,3.6214428874891196,1.1702468219984916,2,8,7,4,3.620070520570997,8.950528904282482,5.525706597818139,16,17.901057808564964,7.341198849706958,7.780282082283991
16,0,7.439244477770643,2,5.460755522229357,1.9962223888532136,2.6441026587954193,0.3392444777706427,0,7,9,8,2.5392444777706427,9.435466866623857,5.080818271005512,16,3.845958821522986,16.160755522229355,9.096222388853214
15,0,7.275564684453535,1,4.319917839918189,1.928952791174742,3.0605954612624306,0.5710472088252582,2,9,9,1,3.680082160081811,9.204517475628277,7.215030909696029,19,18.409034951256555,2.955236044126291,8.633470266803018
19,0,7.550525690645318,0,4.2996495395697885,2.0021027625812717,2.9872313626013254,1.451226611505742,2,8,8,4,3.7003504604302115,9.55262845322659,7.468481142411129,16,19.10525690645318,8.705957827313604,8.101401841720849
15,0,6.3714424299505374,0,5.436616670590994,0.765174240640457,3.6599104544384273,0.9294530256651882,0,10,8,10,2.5633833294090054,7.136616670590994,2.083104991758911,18,0.0,7.65174240640457,6.2071636449258065
15,0,5.259139622976301,1,4.186200629112163,2.766845911879937,3.766792138315956,0.7734767295039499,1,8,7,3,3.8137993708878373,8.025985534856238,10.59243760937378,16,8.025985534856238,8.910572957048963,7.252508805352289
16,0,5.316575598894964,2,4.308287799447482,1.5060274905072597,2.5467809268206674,0.30075343631340745,0,7,7,9,3.691712200552518,6.822603089402224,5.553239776147652,14,0.07383675871393246,15.008287799447482,6.521849653088816
19,0,7.467599839313759,0,4.354933440457494,1.6703993572550337,3.423974179614205,1.2577329583987698,2,8,7,4,3.645066559542505,9.137999196568794,6.130610740928636,16,18.275998393137588,7.7661315122225965,7.880266238170023
16,0,7.263464318032594,1,4.4288211377066515,1.8442502262281597,3.154978319345765,0.6557497737718404,2,9,9,2,3.5711788622933485,9.107714544260753,6.7322262895005105,18,18.215429088521507,3.378748868859202,8.451964770488914
15,0,7.692685880485243,1,5.597561960161748,1.556095099595631,2.8178118191403203,0.20243803983825243,0,7,8,7,2.4024380398382523,9.248780980080875,3.7634072007788055,16,0.0,11.46824493215524,9.046342940242623
19,0,7.444754744649156,0,4.3701635035672295,1.5790189785966244,3.5442916781811107,1.2044277375146977,2,8,7,4,3.6298364964327705,9.023773723245782,5.762043213673051,16,18.047547446491564,7.507220439357103,7.819345985731084
15,0,5.205465149448172,1,4.1615213371781,2.6593798007357696,3.7126588904046733,0.843943812270072,1,9,7,3,3.8384786628218994,7.864844950183942,10.297755618255781,16,7.864844950183942,7.978139402207308,7.02090113791387
17,0,6.710616181214171,0,4.491202669888285,1.1388270226517714,2.8469561974026165,0.26117297734822864,0,9,8,4,3.5087973301117152,7.849443203865942,3.9489792152219603,18,0.0,4.807683737843599,7.5882702265177135
13,0,7.2,0,4.24452279148558,2.438781161707327,2.7056534893569752,1.5721732553215124,2,9,8,3,3.7554772085144195,9.638781161707326,9.20503650640803,18,19.277562323414653,7.394258370221747,8.066607906385814
18,0,6.336925614119273,0,4.2,1.0684628070596365,2.637424789530509,0.37884298235090924,0,9,9,4,3.8,7.405388421178909,4.060158666826617,18,1.0880331564425472,4.983438069396728,7.026545438828
16,0,6.853528069912938,1,5.71738323540078,0.6154906433623538,3.585972007435604,0.5154906433623538,0,9,8,9,2.282616764599221,7.469018713275292,1.428434503536477,17,0.3562847973341386,6.108434503536477,6.953528069912938
14,0,5.349254699856575,0,4.718242481428361,1.1036484962856723,3.6774460526000294,1.7689877815717863,0,9,7,9,3.2817575185716388,6.452903196142247,3.6183248118858486,17,0.0,10.917908833572376,4.683915414570461
15,0,7.618176877419852,2,5.2090884387099265,0.7727346838702206,2.7230412550526593,0.8909115612900735,2,8,8,3,2.7909115612900735,8.390911561290073,2.2136598322556984,16,16.781823122580146,2.7424580042976716,7.500000000000001
15,0,7.301372232615803,1,4.103293358277926,2.0956088556294308,2.8684905441226167,0.4010977860926423,2,9,9,1,3.8967066417220737,9.396981088245234,8.171227857815818,19,18.793962176490467,2.0983533208610368,8.995883302152592
15,0,7.013728710728578,0,5.789661026297402,0.6723728159181854,3.6386271289271424,0.4586441051896083,0,9,7,9,2.2103389737025982,7.6861015266467625,1.4926608608333853,17,0.0,6.05169486851299,7.227457421457155
19,0,7.5272004746583026,0,4.315199683561132,1.908801898633208,3.1100775001329426,1.396801107536038,2,8,7,4,3.6848003164388676,9.436002373291512,7.092167657820605,16,18.872004746583023,8.441605379460757,8.039201265755473
15,0,7.226530787479617,1,5.433916490468425,1.7421769291598723,2.2580367997174258,0.4239065803717026,0,7,8,9,2.5660835095315746,8.96870771663949,4.428134183384413,16,0.0,15.770457188044764,8.544801136267786
15,0,7.994169992962634,0,5.700530000639761,1.2962899955216762,3.5405830007037364,0.10212000255904218,0,9,7,5,2.299469999360239,9.290459988484312,2.9811489893159986,16,0.0,6.497349996801197,9.18833998592527
14,1,5.167318660048115,1,4.122439553349372,2.775067162945142,3.7845147758479314,0.8174529859384003,1,8,7,3,3.8775604466506284,7.942385822993257,10.782370739457185,16,7.942385822993257,8.325201488835425,7.124932837054857
16,1,5.5416739013329055,1,4.149074877925878,1.8675773194083094,3.1127666846228776,0.8,1,8,7,5,3.8509251220741216,7.409251220741216,7.239384155559117,16,7.409251220741216,8.252775366222364,6.609251220741216
18,0,6.415655855067337,1,4.532524684053869,1.2879454647295139,2.695417020479571,0.6891584386487103,1,7,9,8,3.4674753159461305,7.703601319796851,4.129385992648254,16,7.703601319796851,10.316831227025794,7.014442881148141
15,0,5.529932464431954,1,4.3328800849006415,2.710430736576676,3.7273015156036733,0.728344589261341,1,8,7,3,3.6671199150993585,8.24036320100863,10.03505567737756,16,8.24036320100863,9.779366656719183,7.512018611747289
15,0,6.449531633338486,0,5.4903029979202085,0.7407713645817232,3.6584462818749035,0.8660055479124803,0,10,8,10,2.509697002079791,7.1903029979202095,1.9703637043675613,18,0.0,7.407713645817232,6.3242974500077285
15,0,6.911459594750599,0,4.4789779607730535,0.9140146928179642,2.786941551629671,1.090437555523652,0,10,9,2,3.5210220392269465,7.825474287568563,3.277971260167126,19,0.0,2.679635908566169,6.73503673204491
14,0,6.586872607141312,0,5.176619484126412,1.1953238968252824,3.6132732722223024,0.9897468769850997,0,9,7,7,2.8233805158735876,7.7821965039665955,3.324963530159096,17,0.0,8.855212321431146,6.792449626981496
18,0,6.242126161946063,1,4.39370092955685,1.1259844178163252,2.5762599645362965,0.73543302348105,1,7,9,8,3.6062990704431495,7.368110579762389,3.8332286497212804,16,7.368110579762389,9.391339530379001,6.6326775562813385
17,0,7.192383659775811,1,5.15390692782065,2.012891415790757,3.228770113046057,0.48203102405978365,1,7,9,7,2.8460930721793507,9.205275075566568,5.455001446017383,16,9.205275075566568,14.459379518804326,8.723244051506786
15,0,7.948790506406775,0,5.651991099756351,1.293598813300847,3.5124748971936413,0.10640118669915316,0,9,7,4,2.3480089002436486,9.242389319707623,3.028087060859961,16,0.0,6.432787539658892,9.13598813300847
13,0,7.644523760581626,1,5.0601427690469265,0.8734285126979511,3.092099938332849,1.4508097097898218,0,9,8,2,2.9398572309530735,8.517952273279576,2.4567856408724387,18,0.0,2.3764756227468604,7.067142563489755
15,0,7.720197229064672,1,5.120443765395512,0.6795562346044878,2.6112801139139465,0.859852078201496,2,8,8,3,2.879556234604488,8.39975346366916,2.0861805618784,16,16.79950692733832,2.5972881003607586,7.539901385467665
16,0,7.426375281630151,2,5.473624718369849,1.9318764081507558,2.4755161893549804,0.32637528163015117,0,7,9,8,2.526375281630151,9.358251689780907,4.890354168126237,16,2.5847775997548164,16.173624718369847,9.031876408150756
18,0,6.670888016226781,2,4.641047993045665,1.7828240254992282,3.095444008113391,1.5119360092724468,0,9,10,3,3.3589520069543353,8.45371204172601,6.0706264975925,19,3.526199826141625,5.348472076497685,6.941776032453563
18,0,6.439154856533333,1,4.551323885226667,1.3098778660977777,2.711553001486222,0.6828920382577779,1,7,9,8,3.448676114773333,7.749032722631112,4.169490955150222,16,7.749032722631112,10.442159234844443,7.066140684373334
18,0,7.232220498557162,1,4.778664598268594,2.0677795014428386,3.325021739596005,1.328447202308542,0,9,9,3,3.2213354017314066,9.3,6.874964277300763,18,0.0,6.807111800577135,7.971552797691459
13,0,7.2,0,4.26983214367174,2.403980802451357,2.7372901795896754,1.5563549102051624,2,9,8,3,3.7301678563282596,9.603980802451357,9.037362048174721,18,19.207961604902714,7.3341486587796165,8.047625892246195
16,0,7.04084406546098,2,5.046948021820326,0.8542727694515428,2.618601334252015,1.0530519781796737,1,8,9,3,2.9530519781796736,7.895116834912523,2.610198851334774,18,11.994453997129943,2.5628183083546285,6.84206485673285
15,0,7.759208605354161,2,5.27960430267708,0.5611870919687593,2.4104209247982773,0.8203956973229198,2,8,8,3,2.7203956973229197,8.32039569732292,1.5437591245677376,16,16.64079139464584,1.7787411967465698,7.500000000000001
16,0,6.005412822750931,2,4.6527064113754655,1.7565137537276114,2.8285779729435627,0.3320642192159514,0,7,7,9,3.3472935886245345,7.761926576478543,5.687876142628591,14,3.14229348316324,15.352706411375465,7.429862357262592
16,0,7.556329858534739,2,5.1781649292673695,0.865505212197891,2.8601354802479944,0.9218350707326304,2,8,8,3,2.8218350707326305,8.42183507073263,2.5074331719599883,16,16.84367014146526,3.1650793000126147,7.500000000000001
17,0,5.558461337056928,1,4.26307695184901,1.2784617110940624,2.4920000374037135,0.48461524075494805,0,7,7,9,3.73692304815099,6.8369230481509895,4.763539074383922,14,2.5476903224182834,12.452309677581717,6.352307807396042
14,0,6.773476475008431,0,5.2457320277809005,1.2091464055561802,3.603597516110674,0.8722555527724694,0,9,7,7,2.7542679722190995,7.982622880564612,3.2807315022202235,16,0.0,8.544205874985948,7.110367327792142
16,0,7.345139688206185,0,4.235419064618554,1.7840221825567073,3.2807711626762806,0.7159778174432928,2,9,8,2,3.764580935381446,9.129161870762893,6.768099821505183,18,18.258323741525786,4.311844722103049,8.4131840533196
15,0,6.178275167822363,0,5.303814177877875,0.8255390100555113,3.663532340603331,1.0864014261443296,0,10,8,10,2.696185822122125,7.003814177877875,2.3619902264564625,18,0.0,8.255390100555115,5.917412751733545
18,0,6.320173046233023,1,4.6789617226018585,1.1798269537669763,2.8636019936640458,1.0982695376697642,0,9,9,3,3.3210382773981415,7.5,3.90858835719228,19,5.987021532523231,3.7613843698641887,6.401730462330236
17,1,6.400685940971683,1,4.373828619151933,2.4577142260600833,3.4271770796236884,1.41611439309185,0,9,9,3,3.6261713808480667,8.858400167031768,8.955279657584878,18,2.4918847717493167,7.373142678180249,7.442285773939917
18,0,6.035147244497063,0,4.2,0.9175736222485313,2.4337243900355174,0.7560659443786717,0,7,9,8,3.8,6.952720866745595,3.486779764544419,16,6.293710032425668,7.7748879884021695,6.196654922366923
16,0,5.522119637507233,1,4.508237160163031,1.3750577039021816,2.6940954985206425,0.32776495468840405,0,7,7,10,3.49176283983697,6.897177341409414,4.962771208340254,14,0.0,13.750577039021817,6.569412386721011
16,0,5.305963978711525,2,4.302981989355763,1.5021687195314637,2.5424398094728966,0.300271089941433,0,7,7,9,3.6970180106442374,6.808132698242989,5.5511656867481625,14,0.026566814260430772,15.002981989355762,6.507861608301556
15,0,7.729982361514991,2,5.264991180757495,0.6050264577275132,2.475205765308436,0.8350088192425045,2,8,8,3,2.7350088192425046,8.335008819242505,1.6825837828037917,16,16.67001763848501,1.9784538629808934,7.500000000000001
15,0,7.090250698422161,1,4.905366759789621,1.5161002793688647,3.257710307305751,1.4053667597896216,1,8,10,3,3.0946332402103787,8.606350977791026,4.661860726359048,18,8.606350977791026,4.548300838106594,7.2009842180014045
14,0,7.209152821583758,1,4.921220376211168,1.5636611286335032,3.3100272414968535,1.4212203762111677,1,8,10,3,3.0787796237888325,8.77281395021726,4.785518934447109,18,8.77281395021726,4.69098338590051,7.351593574006094
15,0,7.717715779986585,1,5.114860504969816,0.6851394950301838,2.6203374030489646,0.8617131650100613,2,8,8,3,2.8851394950301836,8.402855275016769,2.1090719296237537,16,16.805710550033538,2.6314080251844567,7.541142110006708
14,0,5.588087975306277,0,4.806699250113436,1.1213398500226872,3.665062104984119,1.6186112748071588,0,9,7,9,3.1933007498865638,6.709427825328965,3.561712479927401,17,0.0,10.519853374489538,5.090816550521806
16,0,7.1716004120362005,2,5.235800206018101,2.1805819680131635,3.305654714014809,0.3850727460016455,0,7,8,7,2.7641997939818994,9.352182380049365,5.915812807807074,15,8.337129108161257,15.935800206018099,8.96710963404772
18,0,6.974597452554872,1,4.830233116786666,1.8681566934328204,3.3590699350359996,1.3951694306584619,0,9,9,4,3.1697668832133337,8.842754145987692,6.340408556942872,18,0.0,6.671377072993846,7.447584715329231
17,0,6.6042591464679585,0,4.853629268697467,0.8957408535320416,3.0762627441478396,0.38170365858718336,0,10,8,6,3.146370731302533,7.5,3.0116376822032773,18,0.0,5.053629268697467,7.118296341412817
15,0,5.260948638960109,1,4.187180512770059,2.7664690335499773,3.7665283234849842,0.7731752268399819,1,8,7,3,3.812819487229941,8.027417672510087,10.588714051473776,16,8.027417672510087,8.916376883330347,7.254242445670104
13,0,7.489115371748869,2,4.8,0.7045352617713047,2.91,1.9936506335201734,0,9,9,1,3.2,8.193650633520173,2.254512837668175,19,0.06802892656957038,0.7263045182735675,6.199999999999999
14,0,5.853504887143741,0,4.905001810053237,1.1410003620106475,3.6512997465925467,1.4514969229094967,0,9,7,8,3.0949981899467627,6.994505249154388,3.498798841565928,17,0.0,10.077491854760432,5.543008326244892
14,1,6.123917179402261,1,4.44130572646742,2.4207714150361994,3.7065697113079636,1.0654600094746602,1,8,8,3,3.5586942735325797,8.54468859443846,8.826658210999822,16,8.54468859443846,7.262314245108598,7.4792285849638
18,0,6.948514596512798,2,4.522065172923087,2.219094365948682,3.2342572982563986,1.6705797694358844,0,9,10,3,3.4779348270769135,9.16760896246148,7.740352073312684,19,0.5516293230771661,6.657283097846046,7.497029193025596
17,0,6.717605173873084,2,4.939201724624361,1.005117585525894,2.7457419649432535,1.1607982753756385,1,8,9,3,3.060798275375639,7.7227227593989785,3.14677541137068,18,10.033471388163377,3.015352756577682,6.56192448402334
15,0,5.3,1,4.319237857585635,1.4807621424143649,2.59482789411906,0.3721419659461315,0,7,7,10,3.6807621424143653,6.780762142414365,5.457658283588953,14,0.0,14.80762142414365,6.408620176468234
18,0,6.8470601372259905,2,4.565545655474575,2.059665929926556,3.183530068612995,1.612605792700566,0,9,10,3,3.4344543445254243,8.906726067152547,7.130175968173456,19,1.6386413868643883,6.178997789779668,7.2941202744519815
13,0,7.29352906461299,2,4.8,0.786029556411254,2.91,1.8795586210242443,0,9,9,1,3.2,8.079558621024244,2.515294580516013,19,1.2904433461688107,1.1989714271852736,6.199999999999999
18,0,7.249899615046938,1,4.850301154859189,1.4,3.682434749780509,1.1,2,8,7,4,3.149698845140812,8.649899615046937,4.409578383197136,16,17.299799230093875,5.94929730532856,7.549899615046938
15,0,7.120509155988533,0,5.779953713091952,0.740324008356339,3.6279490844011466,0.41981485236780625,0,9,7,8,2.2200462869080484,7.860833164344872,1.654772991364409,17,0.0,6.100231434540242,7.441018311977066
15,0,7.282513267669279,1,4.257380590976482,1.9775928736849582,3.0063965121796183,0.5224071263150419,2,9,9,1,3.7426194090235176,9.260106141354239,7.492279380004262,19,18.520212282708478,2.7120356315752097,8.737699015039196
15,0,5.547371968291546,1,4.342326482824587,2.7067975066059278,3.72475825462415,0.7254380052847424,1,8,7,3,3.6576735171754127,8.254169474897473,9.999159365266568,16,8.254169474897473,9.835318398268708,7.528731469612731
15,1,5.3121225714585,1,4.1235691746065,2.3521856824765,3.4647453904303003,0.8,1,8,7,4,3.8764308253935003,7.664308253935,9.152311904512501,16,7.664308253935,8.329292476180498,6.864308253935
14,0,7.816879281860088,0,5.37038270734816,1.0802551382321064,3.309267895143712,0.7958587289316632,0,9,7,3,2.62961729265184,8.897134420092195,2.7153189227901326,17,0.0,4.375799669577028,8.101275691160533
16,0,7.409213386953748,2,5.490786613046252,1.846066934768742,2.250695369094104,0.3092133869537484,0,7,9,8,2.5092133869537485,9.255280321722491,4.636358126915477,16,0.9029119214673429,16.19078661304625,8.946066934768742
14,0,7.325705126555258,1,4.936760683540701,1.6102820506221032,3.3613102556843133,1.4367606835407012,1,8,10,3,3.063239316459299,8.935987177177362,4.906733331617469,18,8.935987177177362,4.83084615186631,7.49922649363666
16,0,7.341290681272091,0,5.082460013692585,1.2176613351590113,3.185943741183749,0.18233866484098865,0,9,7,4,2.917539986307415,8.558952016431103,3.4799150558038825,17,0.0,5.635444019169619,8.376613351590114
15,0,5.3,1,4.426807174633147,1.373192825366853,2.9014004477044693,0.7755269048743014,0,7,7,10,3.573192825366853,6.673192825366853,4.941325561760895,15,0.0,13.73192825366853,5.8976659204925515
14,0,7.8,1,5.164415419610288,1.087533181688751,2.884935751623799,1.1163640209093275,1,8,9,3,2.8355845803897117,8.88753318168875,3.1803918352611094,17,13.436359790906726,3.2625995450662533,7.771169160779424
14,1,7.356891227427663,2,4.7141347364565975,1.1579480722314783,3.010176140800636,1.9141347364565977,0,9,9,1,3.2858652635434025,8.51483929965914,3.9029239372905558,19,0.0,2.4745487798969785,6.600704563202544
14,0,5.370232788295478,0,4.649833722646087,1.0799334890584347,3.55257765552106,1.6996674452921732,0,9,8,9,3.3501662773539134,6.4501662773539135,3.6089301635113564,17,0.6922946274840056,10.709035591347302,4.750498832061741
18,0,7.324820308836368,0,4.625539073490898,1.4,3.731133200743639,1.1,2,8,7,4,3.3744609265091023,8.724820308836367,4.724245297112743,16,17.449640617672735,6.473742161854572,7.624820308836368
15,0,6.993759168106097,1,4.52386863714878,0.8840875752341468,2.8041496442403657,1.2176278052548761,0,10,9,2,3.4761313628512203,7.877846743340243,3.1328247398856117,19,0.0,2.4028100709158577,6.660218938085366
15,0,7.41937233769417,0,4.2,2.543874467538834,2.4525648960752475,1.6877489350776678,2,9,9,3,3.8,9.963246805233004,9.666722976647568,18,19.926493610466007,8.772359558626183,8.275497870155336
14,0,6.187278831097136,0,5.038010983275099,1.3957596103657122,3.025103719904495,1.1662294063591885,0,8,8,9,2.9619890167249006,7.583038441462849,3.9975869443116707,17,0.0,13.197071391288146,6.416809035103659
16,0,6.833043677727593,1,4.871072490363679,1.4132174710910375,3.1445392182001415,1.3710724903636793,1,8,10,3,3.1289275096363207,8.24626114881863,4.394365424836698,18,8.24626114881863,4.239652413273112,6.875188658454952
16,0,7.212776834697747,2,5.104258944899249,0.7740374771410513,2.5509744450188863,0.9957410551007511,1,8,9,3,2.895741055100751,7.986814311838799,2.32479045440174,17,13.037512797166332,2.322112431423154,6.991073256738048
16,0,5.672300235781722,0,4.434071260155913,0.9936285040623652,3.004541000796019,1.2681425203118262,0,8,8,9,3.565928739844087,6.665928739844087,3.5183099292654836,16,3.6698166098484006,9.457613308904296,5.397786219532262
17,0,7.400071331413774,1,5.32005706513102,2.206733242652856,3.3713823142374584,0.4266476449563268,1,7,9,7,2.67994293486898,9.606804574066631,5.8094550722795075,16,9.606804574066631,15.567047100873463,9.180156929110304
16,0,7.477097460907521,2,5.42290253909248,2.1854873045376015,3.139976737888517,0.3770974609075204,0,7,9,7,2.57709746090752,9.662584765445123,5.6410424214313,16,7.555551168936996,16.12290253909248,9.285487304537602
18,0,6.620005482570614,2,4.662854793184023,1.7028657583252502,3.070002741285307,1.4828602757546365,0,9,10,3,3.3371452068159773,8.322871240895864,5.7646044023175484,19,4.071369829600567,5.10859727497575,6.840010965141228
13,1,6.634874013531604,1,4.611624671177202,2.2315281431364427,3.664936191490017,1.19793029980449,1,8,8,3,3.3883753288227987,8.866402156668046,7.782035350113164,17,8.866402156668046,6.6945844294093275,7.668471856863557
16,0,5.8325052574599745,1,4.799223678868726,1.200465792678764,2.9094255223628576,0.3665631571824969,0,7,7,10,3.200776321131274,7.032971050138739,4.142189225590192,15,0.0,12.00465792678764,6.666407892956242
17,0,5.976658964171161,1,4.61138439576651,1.6311213811051175,3.147116759607815,1.1652745684046508,1,9,9,3,3.388615604233489,7.6077803452762796,5.747712111390146,18,7.6077803452762796,4.8933641433153525,6.442505776871629
15,0,7.616230564442003,2,5.2081152822210015,0.7756541533369954,2.7273555821535598,0.8918847177789986,2,8,8,3,2.7918847177789985,8.391884717778998,2.2229048189004854,16,16.783769435557996,2.7557578096463122,7.500000000000001
15,0,7.50003845599603,1,5.533346151998677,1.7166346200033085,2.36509037159067,0.26665384800132336,0,7,8,8,2.4666538480013234,9.216673075999338,4.248236552409991,16,0.0,14.582711628064184,8.950019227998016
18,0,6.915040380761407,2,4.536411265387969,2.166492026910782,3.217520190380703,1.6514516461493753,0,9,10,3,3.4635887346120313,9.081532407672189,7.539028575722174,19,0.9102816346992135,6.499476080732346,7.430080761522814
18,0,6.653203461517224,2,4.64862708792119,1.7550340109556377,3.0866017307586118,1.5018305494384137,0,9,10,3,3.3513729120788103,8.408237472472862,5.964266532839304,19,3.7156771980297423,5.265102032866913,6.9064069230344485
18,0,6.974146091113905,1,4.836100815519241,1.8604835489363771,3.360830244655772,1.3897530933668545,0,9,9,4,3.1638991844807594,8.834629640050283,6.310031931965775,18,0.0,6.66731482002514,7.444876546683428
15,0,6.124437961782267,1,4.654903895965394,2.5865754246286943,3.640602797240086,0.6292603397029555,1,8,7,4,3.3450961040346052,8.711013386410961,8.811365195331499,16,8.711013386410961,11.686738460718106,8.081753046708005
13,0,7.497231139108612,2,4.8,0.7011536920380783,2.91,1.9983848311466903,0,9,9,1,3.2,8.19838483114669,2.2436918145218505,19,0.017305380571174922,0.7066914138208547,6.199999999999999
18,0,6.300961248015529,0,4.2,1.0504806240077647,2.6131488424104825,0.4237984399805887,0,9,9,5,3.8,7.351441872023294,3.991826371229505,18,1.7084184717321236,5.316108455856356,6.927643432042705
13,0,7.64650976937827,1,5.063717584880886,0.8758117232539245,3.094602309416621,1.4432628763625721,0,9,8,2,2.936282415119113,8.522321492632194,2.4597646540674054,18,0.0,2.3995133247879377,7.079058616269623
15,0,7.277857193905075,1,4.299285254854324,1.945000357335526,3.0427138875404145,0.5549996426644743,2,9,9,1,3.7007147451456763,9.222857551240601,7.306502036812498,19,18.445715102481202,2.8749982133223715,8.667857908576126
18,0,6.057251194219388,0,4.2,0.928625597109694,2.448644556098087,0.7284360072257652,0,7,9,8,3.8,6.9858767913290825,3.5287772690168366,16,5.91241689971556,7.570426453470662,6.257440784103317
18,0,7.379545540683054,0,4.338636622049162,1.5431812152186242,3.5938644202157883,0.9568187847813758,2,9,7,4,3.6613633779508388,8.922726755901678,5.684315468483809,16,17.845453511803356,5.9977314934696295,7.965907971120303
19,0,7.614219224667084,0,4.257187183555278,2.256876898668337,2.65177875008669,1.59984485755653,2,8,8,4,3.7428128164447227,9.871096123335422,8.496070157962292,16,19.742192246670843,9.427817879560289,8.271251265778892
14,1,6.433750015253329,1,4.544583338417776,2.3060185128691373,3.68132407283121,1.1457870409916038,1,8,8,3,3.4554166615822237,8.739768528122466,8.193222191037638,16,8.739768528122466,6.918055538607412,7.593981487130862
18,1,6.533807054534222,1,4.401854116744047,2.4226823540699414,3.390043295314138,1.4791717626741048,0,9,9,3,3.5981458832559534,8.956489408604163,8.754196712361464,18,1.9383811943050793,7.268047062209824,7.477317645930059
13,1,7.448541984627927,2,4.769125190776756,0.8646656491906319,2.946020610760451,1.9691251907767564,0,9,9,1,3.2308748092232435,8.313207633818559,2.8379421386234824,19,0.0,1.338079390613699,6.344082443041803
13,0,7.8,1,5.1390555945546215,1.1974257569299733,2.990601689355743,1.1755369460392164,1,8,9,3,2.8609444054453785,8.997425756929973,3.5227494735126093,17,12.844630539607838,3.5922772707899195,7.821888810890757
16,1,6.681878818002448,1,4.503057252445533,1.2409394090012242,2.849433016046022,1.065175095889841,1,7,9,6,3.4969427475544674,7.922818227003672,4.170066699802693,16,7.922818227003672,7.077181772996328,6.857643131113831
17,0,6.628500109640839,0,4.931200350850685,0.8714998903591609,3.1232902127032283,0.39140004385633564,0,10,8,6,3.0687996491493146,7.5,2.8729793728543997,18,0.0,5.131200350850685,7.108599956143665
18,0,6.118812638378246,1,4.437625276756492,1.0188126383782463,2.608021063963744,0.9980210639637438,1,7,9,6,3.5623747232435075,7.137625276756493,3.586337693729545,17,7.137625276756493,6.317810424326305,6.139604212792749
14,0,7.751144173731265,0,5.2520595127162775,1.001373008477518,3.2264416589013942,1.0456521398211929,0,9,7,3,2.747940487283723,8.752517182208782,2.616716260596897,17,0.0,3.6132724152826743,7.706865042387591
16,0,6.433707337936957,2,4.947832764535404,1.661958191133851,2.318657138783737,0.3,0,7,8,9,3.052167235464596,8.095665529070809,4.983146331031522,15,0.0,15.647832764535403,7.795665529070808
14,0,7.756821259002196,0,5.262278266203953,1.0081855108026354,3.233594786342767,1.0240792157916547,0,9,7,3,2.737721733796047,8.765006769804831,2.625231888503294,17,0.0,3.6791266044254747,7.740927554013177
15,0,7.2,1,4.672835858331606,1.8498506947940425,3.241044822914507,1.3044775885427466,2,8,8,3,3.3271641416683946,9.049850694794042,6.367462438553114,17,18.099701389588084,6.377014836462437,7.745373106251296
18,0,6.9771881980598245,1,4.796553425222282,1.9121993670170165,3.3489660275666844,1.426258376717894,0,9,9,4,3.2034465747777183,8.889387565076841,6.5147657294261885,18,0.0,6.69469378253842,7.4631291883589475
18,0,7.693898463840978,0,4.2,2.5987796927681956,2.20549138254312,1.7975593855363912,2,8,9,3,3.8,10.292678156609174,9.875362832519142,17,20.585356313218348,10.364611090277672,8.495118771072782
14,0,7.259844270120523,0,4.140155729879477,2.260622919517909,2.78165739426515,0.8818687585537276,2,10,9,1,3.8598442701205227,9.520467189638431,8.716040061421154,19,19.040934379276862,4.268409413491774,8.638598431084704
16,0,7.256550834732297,1,4.491042487409324,1.7958558431260818,3.2089034890880805,0.7041441568739184,2,9,9,2,3.5089575125906767,9.052406677858379,6.4563783058186655,18,18.104813355716757,3.6207207843695914,8.348262520984461
18,0,5.801325352313066,1,4.228382092526705,1.0702925551602287,2.4468967202847165,0.6580895373664761,0,7,8,9,3.771617907473295,6.871617907473295,4.024538570818812,15,4.94163561565737,10.05836438434263,6.213528370106819
16,0,7.259902936477733,1,4.4608735717004055,1.8193205553441285,3.1827570954736855,0.6806794446558715,2,9,9,2,3.539126428299594,9.07922349182186,6.590127165461533,18,18.15844698364372,3.5033972232793573,8.39854404716599
17,0,7.303920703314553,1,5.0,1.4692804688763685,3.636143906224726,1.1692804688763687,1,8,8,3,3.0,8.773201172190921,4.407841406629106,16,15.883671091348994,5.565359765561816,7.603920703314553
18,0,6.287722438369208,1,4.775444876738416,1.1877224383692082,2.889537397282014,1.2795373972820139,1,8,9,3,3.2245551232615837,7.4754448767384165,3.8228114137168916,18,7.4754448767384165,3.784163424461875,6.195907479456403
18,0,6.760233019975019,2,4.602757277153563,1.9232233171036022,3.14011650998751,1.5629902971285827,0,9,10,3,3.3972427228464372,8.683456337078622,6.607972877278332,19,2.5689319288390755,5.7696699513108065,7.120466039950039
16,0,6.572821179635985,2,4.8,1.0863245084850064,2.91,1.459145688120991,0,9,9,2,3.2,7.659145688120991,3.476238427152021,19,5.794867627275098,2.9406821492130373,6.2
16,0,7.442359686242049,2,5.457640313757952,2.0117984312102415,2.6849118897708326,0.34235968624204827,0,7,9,8,2.5423596862420483,9.454158117452291,5.1269233563823144,16,4.151249251720732,16.157640313757952,9.111798431210241
15,0,6.795347805400976,1,5.269656306819419,1.5984492684669918,2.5762909055373755,0.7318944247135892,0,7,8,9,2.730343693180581,8.393797073867967,4.249501233666118,16,0.0,14.702765994326224,7.661902649154378
14,0,5.3,0,4.545980105261062,1.2540198947389383,3.2410432999940264,1.2224253947289816,0,8,7,10,3.4540198947389382,6.554019894738938,4.369295494746904,16,0.0,12.540198947389381,5.331594500009957
18,0,6.391185240884297,0,4.252888554694222,1.1088147591157036,2.7002739459661185,0.38814759115703534,0,9,9,3,3.7471114453057788,7.5,4.150029819006607,19,0.6611069336777646,4.329481927074372,7.111852408842965
17,0,7.213911619414306,1,4.874795425271245,1.4973813359001433,3.5414893685684117,1.0026186640998567,2,8,8,3,3.125204574728756,8.71129295531445,4.755073614630817,16,17.4225859106289,5.113093320499283,7.708674291214593
18,0,6.9294437778888796,2,4.530238380904766,2.1891259366825246,3.2247218889444396,1.6596821587936454,0,9,10,3,3.4697616190952343,9.118569714571406,7.625654721303117,19,0.7559595226191487,6.567377810047574,7.45888755577776
15,0,7.181617085039028,0,5.774398446814634,0.7792108722975636,3.621838291496097,0.3975937872585351,0,9,7,8,2.225601553185366,7.960827957336592,1.747545938195616,17,0.0,6.1280077659268315,7.563234170078057
14,0,7.260458082368482,0,5.4260955860624005,1.2452191172124802,3.578346617951264,0.5656375036939187,0,9,7,6,2.573904413937599,8.505677199580962,3.1652988249200633,16,0.0,7.732569862719196,7.9400396958870445
16,0,7.444222256844707,2,5.122111128422353,1.0336666147329394,3.1086406639942323,0.9778888715776466,2,8,8,3,2.8778888715776465,8.477888871577646,3.0399442799876413,16,16.95577774315529,3.931147911561168,7.5
18,0,6.09199139780268,1,4.36354026276032,0.8693362007324401,2.5367437036392477,0.7693362007324401,0,7,8,9,3.6364597372396803,6.96132759853512,3.205353405127081,16,6.194732616846123,7.885353405127081,6.19199139780268
18,0,7.667500208904299,1,4.191875052226075,2.5593752611303735,2.2544371500853,1.6862507311650452,2,8,9,3,3.8081249477739254,10.226875470034672,9.74268838262066,17,20.453750940069344,9.725629334764196,8.540624738869626
18,1,6.601160810535765,1,4.416033854849634,2.4049576814379563,3.371255142324234,1.511076173411678,0,9,9,3,3.5839661451503653,9.006118491973721,8.65245709145387,18,1.6583313667197146,7.214873044313869,7.495042318562044
15,0,7.96316383233978,0,5.665466092818544,1.2953954790424727,3.520200559882632,0.10460452095752751,0,9,7,4,2.334533907181456,9.258559311382253,3.0173968996972884,16,0.0,6.451652529945961,9.153954790424725
13,0,7.674316394505877,1,5.113769510110578,0.9091796734070523,3.129638657077405,1.3375977008776676,0,9,8,2,2.8862304898894218,8.583496067912929,2.5014745917588153,17,0.0,2.7220701762681725,7.245898367035261
16,0,7.4771246668519735,2,5.422875333148027,2.1856233342598688,3.140333135760857,0.3771246668519738,0,7,9,7,2.5771246668519736,9.662748001111844,5.641445069409211,16,7.5582173514934325,16.122875333148023,9.285623334259869
16,0,7.262556463027957,1,4.4369918327483795,1.8378952411957046,3.162059588381929,0.6621047588042954,2,9,9,2,3.5630081672516205,9.100451704223662,6.696002874815517,18,18.200903408447324,3.410523794021477,8.438346945419367
15,0,7.293107846063278,1,4.162029385430497,2.0517549224429468,2.923758800706431,0.4482450775570532,2,9,9,1,3.8379706145695036,9.344862768506225,7.915003057924798,19,18.68972553701245,2.341225387785266,8.896617690949173
18,0,6.023196319646636,1,4.246392639293273,0.9231963196466362,2.4486605327443938,0.8386605327443937,1,7,9,8,3.7536073607067273,6.946392639293273,3.4524748475052904,16,6.946392639293273,7.752055205300457,6.107732106548879
15,0,7.341698786420723,1,4.110424696605181,2.152123483025905,2.800154532745288,0.5459457524725333,2,9,9,1,3.8895753033948193,9.493822269446628,8.36617737262756,19,18.987644538893257,2.965249818230019,8.947876516974095
15,0,7.720219815990212,1,5.108527558376507,0.7552965888313232,2.407758202410767,0.7361758527921692,2,8,9,2,2.8914724416234927,8.475516404821535,2.441392917253907,17,16.95103280964307,1.5957362208117463,7.7393405520293665
15,0,7.335725520697714,1,4.108931380174428,2.1446569008721434,2.810159752831328,0.5250393224420018,2,9,9,1,3.8910686198255715,9.480382421569859,8.340940324947846,19,18.960764843139717,2.8413045544775812,8.955343099127857
16,0,5.4964972509531735,1,4.4842161727686,1.3894702963388397,2.6763199678487646,0.32456215636914676,0,7,7,10,3.5157838272313997,6.885967547292013,5.0305103927925465,14,0.0,13.894702963388395,6.561405390922867
17,0,7.58204698270246,0,4.2,2.576409396540492,2.3061577155677866,1.7528187930809838,2,8,9,3,3.8,10.158456379242951,9.790355706853868,17,20.316912758485902,9.715872499674266,8.405637586161967
18,0,6.884135642742897,2,4.549656153110187,2.117927438595981,3.2020678213714486,1.633791795853084,0,9,10,3,3.450343846889813,9.002063081338878,7.353158651353709,19,1.2414038277546733,6.353782315787943,7.368271285485795
18,0,6.430424615645884,2,4.7441037361517635,1.4049529674435326,2.975212307822942,1.3745283517976483,0,9,10,3,3.2558962638482365,7.835377583089417,4.624410902670248,19,6.102593403794095,4.214858902330598,6.460849231291769
16,0,5.657520264194517,2,4.478760132097259,1.6300073687980063,2.686258289897757,0.3162509210997508,0,7,7,9,3.5212398679027412,7.287527632992523,5.619878960728929,14,1.5925902677755772,15.178760132097258,6.971276711892774
16,0,7.2,1,4.734282869876049,1.7653610539204327,3.317853587345061,1.2660732063274696,2,8,8,3,3.265717130123951,8.965361053920432,5.960375987071176,16,17.930722107840865,6.231078184044383,7.699287847592963
17,0,7.5754222943817435,1,4.168855573595436,2.4442778679771795,2.4086676569105796,1.3639780303361024,2,8,9,3,3.831144426404564,10.019700162358923,9.353659193762866,17,20.039400324717846,7.815012608421178,8.65572213202282
18,1,6.567948320333486,1,4.409041751649155,2.4136978104385562,3.3805196790648697,1.4953439412105987,0,9,9,3,3.5909582483508453,8.981646130772043,8.702625431917312,18,1.7964254049291897,7.241093431315668,7.486302189561444
18,0,6.360789439379426,0,4.435263363723445,1.1392105606205742,2.7701842894273208,0.6921056062057414,0,9,9,3,3.5647366362765553,7.5,4.046684093890048,19,2.94079204654306,4.086315515035407,6.807894393794259
14,0,7.2,0,4.5034445587084395,2.0827637317758962,3.029305698385549,1.4103471508072256,2,9,8,3,3.496555441291561,9.282763731775896,7.48967979855659,17,18.565527463551792,6.779319173067457,7.872416580968671
15,0,7.590799442949262,0,5.316374477764933,1.2488499303686578,3.3200547005852283,0.15115006963134223,0,9,7,4,2.6836255222350665,8.83964937331792,3.294342914306486,16,0.0,5.962924268870907,8.688499303686578
15,0,7.382231923350255,1,4.120557980837564,2.202789904187819,2.732261528388323,0.6878117317258925,2,9,9,1,3.8794420191624366,9.585021827538075,8.537429876154828,19,19.17004365507615,3.8063124095177914,8.89721009581218
16,0,6.7938949443572465,0,5.460463821943188,0.7061050556427537,3.4441561920530575,0.45755797774289847,0,10,8,8,2.539536178056812,7.5,1.926920918276552,18,0.0,5.660463821943188,7.042442022257101
18,0,6.6377670809619165,0,4.318883540480958,1.5755341619238332,2.9098415115965195,0.8547898555778054,0,9,9,3,3.6811164595190418,8.21330124288575,5.7135976722043615,19,0.0,5.390696170674652,7.358511387307945
16,0,7.160038669883056,2,5.362879239933175,1.7657198099832938,2.176849593022832,0.3,0,7,8,9,2.6371207600668254,8.925758479866351,4.619980665058472,15,0.0,16.062879239933174,8.62575847986635
16,0,5.597405501044353,1,4.3901532089425395,2.1367926652741955,3.4252359659008076,1.0072522921018139,1,9,8,3,3.609846791057461,7.734198166318548,7.985307543838315,17,7.734198166318548,6.410377995822586,6.726945874216735
18,0,6.345407256245183,0,4.2,1.0727036281225915,2.6431498979654986,0.36824092969352157,0,9,9,4,3.8,7.418110884367774,4.076273786865847,18,0.9417248297705969,4.90498287973206,7.049869954674253
16,0,6.8614801158992424,0,5.676736370877576,0.6385198841007576,3.57527142484453,0.484592046359697,0,10,8,9,2.3232636291224242,7.5,1.5403337370563337,18,0.0,5.876736370877576,7.015407953640303
18,0,6.720579926608712,1,4.360289963304356,1.7411598532174242,2.9898939290550883,1.0480198287536615,0,9,9,3,3.639710036695644,8.461739779826136,6.247740526626192,19,0.0,5.735749694202967,7.413719951072475
16,0,7.519163021910926,0,5.122995626293112,1.7808369780890736,3.4053656461350594,0.8693391649425176,0,9,8,4,2.877004373706888,9.3,5.423035109130711,17,0.0,6.692334791235629,8.430660835057482
18,0,6.30815452750607,1,4.751072834963581,1.19184547249393,2.8912445867360392,1.2184547249393012,0,9,9,3,3.2489271650364193,7.5,3.8677253935206375,19,6.888410437044758,3.6652362200485586,6.281545275060699
16,0,5.710947756895597,0,4.4064658879317165,0.9825863551726866,2.93442335534656,1.2129317758634328,0,8,8,9,3.5935341120682835,6.693534112068284,3.5067156729313207,16,4.050770746542314,9.297502150003954,5.480602336204852
18,0,7.683576664878281,1,4.226277336194751,2.560583995707874,2.2476276718529857,1.7770073308295933,2,8,8,4,3.7737226638052492,10.244160660586155,9.69343091301727,16,20.48832132117231,10.242335982831497,8.467153329756561
15,0,6.952350322272523,1,5.712749462879128,0.6087250537120871,3.5854346025305555,0.6308758056813066,0,10,8,9,2.2872505371208716,7.561075375984609,1.4002704941512016,18,0.0,5.537572153259383,6.930199570303303
17,0,7.348935865654291,2,5.074467932827146,1.1765962015185631,3.3198588311329877,1.0255320671728545,2,8,8,3,2.9255320671728544,8.525532067172854,3.4925546381421166,16,17.051064134345708,4.582271584695677,7.5
17,0,7.568947218363381,0,4.780131241317608,1.0198687586823925,3.163342652973659,0.9732895862274642,2,8,7,4,3.2198687586823924,8.588815977045774,3.4814619105978086,16,17.17763195409155,4.67697574750351,7.61552639081831
17,0,7.216551331742798,1,4.851038014314824,1.5158593221995815,3.5208996124061804,0.9841406778004184,2,8,8,3,3.1489619856851765,8.73241065394238,4.860398136537615,16,17.46482130788476,5.020703389002091,7.748269976141961
15,0,5.3,1,4.313551664098638,1.486448335901362,2.5786222426811185,0.35081874036989247,0,7,7,10,3.6864483359013622,6.786448335901362,5.484952012326539,14,0.0,14.86448335901362,6.43562959553147
18,0,6.206558048660173,1,4.613116097320345,1.1065580486601727,2.7542634144336215,1.1442634144336212,1,8,9,4,3.3868839026796547,7.3131160973203455,3.709181268124242,18,7.3131160973203455,5.001629270097408,6.168852682886724
14,1,7.404892273582957,1,4.82439656603687,1.602446136791479,3.3153750207534616,1.3463469952822613,1,7,9,4,3.17560343396313,9.007338410374437,4.965381500941254,17,9.007338410374437,5.9926615896255635,7.660991415092175
18,0,6.3722412827370585,0,4.366552303577651,1.127758717262942,2.7438450497047664,0.5775871726294182,0,9,9,3,3.633447696422349,7.5,4.085620361305997,19,2.081903794720636,4.177930261896465,6.922412827370582
14,0,7.889951392959452,0,5.501912507327013,1.1679416715513418,3.4013387551289087,0.5181847067540843,0,9,7,4,2.4980874926729872,9.057893064510793,2.824927089439177,16,0.0,5.223436158329637,8.539708357756709
14,0,5.746629647116575,0,4.870144627472981,1.2488765490388585,3.3503447842710994,1.4809788234881607,0,9,8,9,3.129855372527019,6.995506196155434,3.8150322823768668,17,0.0,12.105940078574376,5.514527372667273
14,0,5.3,0,4.506069472962725,1.293930527037275,3.1272979979437663,1.072760523610219,0,8,7,10,3.493930527037275,6.5939305270372754,4.56086652977892,16,0.0,12.93930527037275,5.5211700034270565
18,0,6.414675210590347,0,4.207337605295173,1.1293504211806926,2.6941860369040014,0.33424215804414126,0,9,9,3,3.7926623947048266,7.544025631771039,4.2746551083077335,19,0.0,4.461146710793109,7.2097834737268975
18,0,6.183595595206805,0,4.2,0.9917977976034027,2.5339270267645935,0.5705055059914935,0,8,9,6,3.8,7.175393392810208,3.7688316308929295,17,3.73297598268261,6.401740744337052,6.604887886818715
16,0,7.5343832213340285,2,5.167191610667015,0.8984251679989569,2.908783859376236,0.9328083893329857,2,8,8,3,2.832808389332986,8.432808389332985,2.6116796986633632,16,16.86561677866597,3.3150479875508037,7.500000000000001
15,0,7.860632017890734,0,5.5327584214688805,1.4393679821092662,3.5009769650094054,0.32298877137482584,0,9,7,4,2.467241578531119,9.3,3.695201989472886,16,0.0,6.5557471928437066,8.977011228625175
16,0,7.478958168639805,2,5.139479084319903,0.9815627470402928,3.031642726181766,0.9605209156800977,2,8,8,3,2.8605209156800977,8.460520915680098,2.8749486989609268,16,16.921041831360196,3.6937858476280003,7.5
18,0,5.870875990006801,0,4.292231435709429,0.9368925742837713,2.6442678467019474,0.9844628714188561,0,7,8,9,3.7077685642905718,6.807768564290573,3.4587372029979595,16,5.627206187209893,8.634942327114683,5.823305692871717
16,0,5.929151414709602,2,4.659515094119772,1.5898787735299431,2.4171656761757445,0.3,0,7,7,9,3.3404849058802277,7.519030188239545,5.2354242926452,14,0.0,15.359515094119772,7.219030188239545
15,0,7.269006307373139,1,4.37894323364175,1.8830441516119725,3.1117508024895164,0.6169558483880277,2,9,9,1,3.6210567663582505,9.152050458985112,6.953351664188244,18,18.304100917970224,3.184779241940138,8.535094610597083
17,0,6.904022826813604,1,4.923218261450883,1.7437546383593627,3.0307623410786744,0.5589272461830392,1,7,9,7,3.0767817385491174,8.647777465172966,4.962865624428549,16,8.647777465172966,12.921455076339216,8.088850218989927
16,0,7.159816641994876,2,5.086605547331625,0.7987522337357246,2.571805454148682,1.0133944526683747,1,8,9,3,2.913394452668375,7.958568875730601,2.4127043742885057,17,12.716220961435582,2.3962567012071734,6.945174423062227
18,0,6.379978202207427,0,4.320130786755438,1.120021797792573,2.726050134922918,0.5002179779257306,0,9,9,3,3.6798692132445616,7.5,4.111925887505251,19,1.5016348344429797,4.239825617659416,6.999782022074269
16,0,7.234938699904934,1,4.6855517008556005,1.6445708993345332,3.37747814074152,0.855429100665467,2,8,8,2,3.3144482991444,8.879509599239466,5.594054126206839,17,17.75901919847893,4.377145503327334,8.024080498574
15,0,7.680939097064828,1,5.593646365688276,1.5658840857793104,2.790206878102345,0.20635363431172413,0,7,8,7,2.406353634311724,9.246823182844139,3.792969939053517,16,0.0,11.65815126411862,9.040469548532414
16,0,7.32499519741021,0,4.32499519741021,1.8125264142438424,3.356222865367689,1.2875120064744738,2,9,7,4,3.6750048025897892,9.137521611654053,6.712607097752306,17,18.275043223308106,7.187512006474474,7.850009605179579
18,0,6.7355918367918814,2,4.61331778423205,1.8845014578158137,3.1277959183959405,1.5489096210239324,0,9,10,3,3.3866822157679493,8.620093294607695,6.459773761276887,19,2.83294460580127,5.653504373447441,7.071183673583763
18,1,5.8529083319631,1,4.183656481329233,1.2105268547445673,2.6355405576565807,0.8,1,7,8,8,3.8163435186707666,7.063435186707667,4.645763900307503,16,7.063435186707667,8.149030556012299,6.263435186707667
16,0,6.6937268021170375,0,5.139925766774519,0.8062731978829629,3.249829996107052,0.4174907208468149,0,10,8,7,2.860074233225481,7.5,2.4998826918905475,18,0.0,5.3399257667745195,7.082509279153185
14,0,7.347022339610486,0,4.2,2.529404467922097,2.5176798943505627,1.6588089358441944,2,9,9,3,3.8,9.876426807532583,9.611736978103968,18,19.752853615065167,8.352729569740818,8.217617871688388
13,0,7.2285940800210176,0,4.171405919978983,2.3856236799159314,2.712906976046238,1.256871039747794,2,10,9,2,3.828594080021017,9.614217759936949,9.125417551724675,19,19.228435519873898,5.955919678865072,8.357346720189154
15,1,7.263823865072393,2,4.658294319043436,1.4557636317683427,3.075323294449325,1.8582943190434358,0,9,9,1,3.341705680956564,8.719587496840736,4.9843666878587936,19,0.0,3.628584073102328,6.861293177797299
15,1,6.962020604263044,1,4.627564713005798,1.3810103021315223,3.0299688338584065,1.1741191238800728,1,7,9,5,3.3724352869942025,8.343030906394567,4.4782226646893495,17,8.343030906394567,6.656969093605433,7.168911782514494
18,0,6.1924351793550345,0,4.2,0.9962175896775173,2.5398937460646485,0.5594560258062071,0,8,9,6,3.8,7.188652769032552,3.7856268407745652,17,3.580493156125657,6.319974590965932,6.629196743226345
13,0,7.8,1,5.149103584646374,1.1538844665323764,2.9487350639734387,1.1520916358251259,1,8,9,3,2.8508964153536254,8.953884466532376,3.3871016072739417,17,13.079083641748744,3.461653399597129,7.801792830707251
17,0,5.835749396746368,0,4.31732185946688,0.946928743786752,2.7079975230458744,1.0346437189337594,0,7,8,9,3.6826781405331204,6.782678140533121,3.4692751809760893,16,5.280958339357061,8.780466784907901,5.748034421599361
15,0,7.183738893404238,1,5.417614816534948,1.727912964468079,2.289621292963539,0.45447221899697327,0,7,8,9,2.5823851834650524,8.911651857872318,4.4104061129817556,16,0.0,15.664496307477158,8.457179638875344
14,0,5.3,0,4.566254875475807,1.233745124524193,3.2988263951060506,1.2984557830342767,0,8,7,10,3.433745124524193,6.533745124524193,4.271976597716126,16,0.0,12.33745124524193,5.235289341489916
14,1,5.303859082270501,1,4.1679530274235,2.7244966361961107,3.7733892599631442,0.8528523546627225,1,8,7,3,3.8320469725765,8.028355718466612,10.503221431802531,16,8.028355718466612,8.173489908588332,7.175503363803889
13,0,7.651947732448471,0,4.802596976597961,1.9727276454767844,3.3429865230876548,1.5246753779252549,1,8,9,3,3.1974030234020394,9.624675377925254,6.411690494935452,18,12.01818703667498,5.9181829364303535,8.1
16,0,6.6267622256643595,2,4.8,1.0638490726398502,2.91,1.4906112983042097,0,9,9,2,3.2,7.690611298304209,3.404317032447521,19,5.457736089597754,2.8103246213111315,6.2
17,0,7.520513918036223,1,5.276916491782662,2.3307708770543347,3.3128137081754163,0.5435974262535621,1,7,9,6,2.7230835082173384,9.851284795090558,6.38002140170635,16,10.907751573956052,15.515353335967639,9.307687368836996
16,0,7.45265784666593,2,5.447342153334071,2.063289233329647,2.8198177913236746,0.35265784666592936,0,7,9,7,2.5526578466659293,9.515947079995577,5.279336130655754,16,5.16046897326108,16.14734215333407,9.163289233329648
13,0,7.501124657229181,1,4.960149954297224,1.6804498628916726,3.43849484918084,1.4601499542972243,1,8,10,3,3.0398500457027757,9.181574520120854,5.089169643518349,18,9.181574520120854,5.041349588675018,7.72142456582363
17,0,7.212641138630423,1,5.0,1.4084274257536156,3.6483145148492766,1.1084274257536157,1,8,8,3,3.0,8.62106856438404,4.225282277260845,16,17.039878910681303,5.595786287123192,7.512641138630423
15,0,7.823767745402227,0,5.716021114054343,1.1878522016195996,3.557623225459777,0.16408445621737178,0,9,7,5,2.283978885945657,9.011619947021828,2.7224473952924724,16,0.0,6.419894429728285,8.847535490804455
18,0,7.453202495995391,0,4.519705615989629,1.280294384010371,3.585810889616824,1.0600981280034572,2,8,7,4,3.480294384010371,8.733496880005763,4.549206974442521,16,17.466993760011526,6.268465680063379,7.6733987520023055
15,1,7.065627908343279,1,4.673612403708124,1.4328139541716398,3.0967379853767802,1.2144108532446087,1,7,9,5,3.326387596291876,8.49844186251492,4.592190699177608,17,8.49844186251492,6.50155813748508,7.28403100927031
16,0,7.282756152414944,0,5.02758389288901,1.210344519051868,3.154481431923032,0.18965548094813206,0,9,7,4,2.9724161071109902,8.493100671466811,3.5234501116413854,17,0.0,5.558617450044614,8.30344519051868
16,0,5.833165984490939,2,4.604666276851965,1.5761665692129914,2.4359056887422454,0.3,0,7,7,9,3.395333723148035,7.409332553703931,5.283417007754531,14,0.0,15.304666276851965,7.10933255370393
17,0,7.317667859816072,2,5.058833929908036,1.2234982102758925,3.3891695774077077,1.0411660700919643,2,8,8,3,2.941166070091964,8.541166070091965,3.641077665873659,16,17.08233214018393,4.795936291256843,7.5
17,0,7.597796848357587,0,4.84504290880457,0.9549570911954304,3.058041503494809,0.9516523637318102,2,8,7,4,3.1549570911954303,8.552753939553018,3.2153240739012645,16,17.105507879106035,4.280293335083186,7.6011015758212075
18,0,7.40247551014979,1,4.676039183760336,1.8859412243594953,3.06282102056561,1.3834657142097058,2,8,8,4,3.3239608162396634,9.288416734509285,6.50012179530161,16,18.57683346901857,7.543764897437981,7.904951020299579
16,0,7.596437252462286,2,5.198218626231142,0.8053441213065718,2.7712307570419337,0.9017813737688574,2,8,8,3,2.8017813737688573,8.401781373768857,2.316923050804144,16,16.803562747537715,2.8910121081743827,7.500000000000001
16,0,7.088890371578399,0,4.845834723354749,1.1861112964473,3.05027857472339,0.21388870355270007,0,9,8,4,3.1541652766452506,8.2750016680257,3.667637786138565,17,0.0,5.30416861269665,8.061112964473
13,1,7.597428868524306,1,4.909968386010802,1.6987144342621527,3.4394541597156634,1.4212223377594522,1,7,9,3,3.0900316139891975,9.296143302786458,5.177171755376737,17,9.296143302786458,5.703856697213542,7.874920965027005
15,0,6.469115328045069,1,5.145377267826693,1.4897051093483564,2.8170815435857826,0.964917622824951,0,8,8,9,2.854622732173307,7.958820437393426,4.114347778761529,16,0.0,13.894952240873504,6.993902814568475
18,0,7.339593451844747,1,4.776650477048405,1.735024284427392,3.2451789896502348,1.2954308325826456,2,8,8,4,3.2233495229515947,9.074617736272138,5.785781612956321,16,18.149235472544277,6.940097137709568,7.779186903689493
19,0,7.4584055097926285,0,4.361062993471581,1.6336220391705139,3.47239764842549,1.2362795228494665,2,8,7,4,3.6389370065284186,9.092027548963143,5.982275557987739,16,18.184055097926286,7.661929110983123,7.855748026113677
16,0,6.889855903759899,1,5.781966051128708,0.6033813654133671,3.636023689624749,0.5033813654133672,0,9,8,9,2.218033948871292,7.493237269173266,1.3436695578935702,17,0.07777140450744469,6.0236695578935695,6.989855903759898
15,0,6.566714544571657,1,5.182557921741584,1.522238181523886,2.7450440266256817,0.8952038967345306,0,8,8,9,2.8174420782584164,8.088952726095544,4.154781739893972,16,0.0,14.136626491320293,7.193748829361013
15,0,6.99438531282143,1,5.345480119170069,1.6647951042738103,2.4293822691079914,0.5897247765561211,0,7,8,9,2.6545198808299313,8.659180417095241,4.33195962959745,16,0.0,15.195620774605446,8.06945564053912
17,0,7.222410408867075,2,5.011205204433537,1.3663843866993872,3.600323593677983,1.0887947955664625,2,8,8,3,2.9887947955664624,8.588794795566463,4.093550557881392,16,17.177589591132925,5.446862206074986,7.5
15,1,5.20562152140318,1,4.122236109769091,2.7722048627886364,3.760537154555955,0.850031246980454,0,9,7,3,3.8777638902309097,7.9778263841918164,10.760455912406774,16,7.460836832060459,8.316614588365908,7.127795137211363
15,0,7.844809966344515,0,5.714108184877771,1.2012427058556006,3.5555190033655486,0.15643273951108544,0,9,7,5,2.2858918151222287,9.046052672200116,2.754393312541218,16,0.0,6.429459075611144,8.889619932689032
15,0,7.4031961541367615,0,4.2,2.5406392308273524,2.4671234612769153,1.6812784616547045,2,9,9,3,3.8,9.943835384964114,9.654429077143938,18,19.887670769928228,8.678537693993214,8.26255692330941
16,0,6.012778134434959,2,4.6563890672174795,1.7591920488854396,2.8315910549961196,0.33239900611067996,0,7,7,9,3.3436109327825205,7.771970183320399,5.6893157262759235,14,3.1751025988466366,15.35638906721748,7.439571177209719
13,1,7.643534973089371,1,4.93045998803972,1.7217674865446857,3.469166982657595,1.4391524895347554,1,7,9,3,3.0695400119602794,9.365302459634057,5.227888470398309,17,9.365302459634057,5.634697540365943,7.926149970099301
13,0,7.6833796125445195,1,5.130083302580135,0.9200555350534236,3.141058311806095,1.303157472330825,0,9,8,2,2.8699166974198644,8.603435147597944,2.5150694188167795,17,0.0,2.827203505516429,7.300277675267118
17,0,5.815133229237201,0,4.332047693401999,0.9528190773607996,2.7454011412410773,1.0640953868039977,0,7,8,9,3.667952306598001,6.767952306598001,3.4754600312288395,16,5.077741831052416,8.865876621731593,5.7038569197940046
16,0,7.484812809546688,2,5.415187190453312,2.2240640477334415,3.2410478050616174,0.3848128095466884,0,7,9,7,2.5848128095466882,9.708876857280131,5.755229581290987,16,8.311655335575459,16.11518719045331,9.324064047733442
15,0,7.877223110337291,0,5.55266773240475,1.4227768896627084,3.5056224708944415,0.2964430234603336,0,9,7,4,2.4473322675952502,9.3,3.6112510616933045,16,0.0,6.549110755865083,9.003556976539667
18,0,5.913510853112705,0,4.261777962062354,0.9247111848249413,2.566916023638377,0.9235559241247062,0,7,8,9,3.7382220379376467,6.838222037937648,3.4459467440661884,16,6.047464123539528,8.458312179961649,5.914666113812942
14,0,7.692877669084276,1,5.142829774554299,1.9785372181928733,3.5235803232698526,1.1072181199756788,1,7,9,4,2.857170225445701,9.67141488727715,5.607103173103733,17,9.67141488727715,9.220696469327489,8.564196767301471
18,0,5.792762294596956,1,4.229605386486149,1.0776323189168944,2.448487002431994,0.6519730675692548,0,7,8,9,3.770394613513851,6.870394613513851,4.050594732154975,15,4.8572283324557155,10.142771667544284,6.218421545944596
16,0,5.487689592565362,2,4.407251195751635,1.5268127989379088,2.5033558414515245,0.3,0,7,7,9,3.592748804248365,7.014502391503271,5.456155203717319,14,0.0,15.107251195751635,6.71450239150327
14,0,7.087237398147576,1,4.57485676262595,0.8500954915826996,2.823695092339948,1.3620941607735269,0,10,9,2,3.4251432373740496,7.937332889730275,2.9679631341760926,19,0.0,2.088383297139971,6.575238728956749
17,0,7.335865857149835,1,4.903039028579802,1.9641341428501649,3.3540424400019537,1.1626146285602639,0,9,8,3,3.0969609714201978,9.3,6.350518762821833,17,0.0,6.765653657140065,8.137385371439738
14,0,5.772210205158818,0,4.87489266857734,1.134978533715468,3.6555150263991725,1.5026824634185216,0,9,7,9,3.12510733142266,6.907188738874288,3.518068692110502,17,0.0,10.212982991401969,5.404506275455766
15,0,5.9713421092682175,1,4.571976975853618,2.6184703939024545,3.6629292757317184,0.6547763151219639,1,8,7,4,3.4280230241463823,8.589812503170672,9.126487491756253,16,8.589812503170672,11.195555933902195,7.935036188048708
15,0,7.962349078097418,0,5.703422811082053,1.2760403224256296,3.543765092190258,0.11369124432821165,0,9,7,5,2.2965771889179467,9.23838940052305,2.9328390549297163,16,0.0,6.482885944589736,9.124698156194837
13,0,7.545981759847875,1,4.96613090131305,1.6983927039391498,3.4582319743330645,1.46613090131305,1,8,10,3,3.03386909868695,9.244374463787024,5.1358210302417895,18,9.244374463787024,5.09517811181745,7.778243562473975
13,0,7.8,1,5.103557643464383,1.351250211654342,3.1385098188984055,1.2583654985831072,1,8,9,3,2.8964423565356174,9.151250211654341,4.001971813230834,17,12.01634501416893,4.053750634963025,7.8928847130712345
18,0,7.609533809280536,1,4.177383452320134,2.48691726160067,2.351530869455102,1.4833683324818763,2,8,9,3,3.822616547679866,10.096451070881207,9.497780344210264,17,20.192902141762413,8.522826542571124,8.61308273839933
18,0,6.553930526266162,2,4.6911726316002165,1.5990336841325399,3.036965263133081,1.4451031578663782,0,9,10,3,3.3088273683997835,8.152964210398702,5.36721073654363,19,4.779315790005409,4.797101052397619,6.707861052532324
18,0,6.386106801997473,0,4.283359188015167,1.113893198002528,2.711954355405814,0.43893198002527845,0,9,9,3,3.716640811984833,7.5,4.132763126791405,19,1.0419898501895881,4.2888544159797775,7.061068019974722
18,0,7.590244737459521,1,4.375608420064767,2.3365873699028494,2.5182902613673903,1.646342632443329,2,8,8,4,3.624391579935233,9.92683210736237,8.633180217540154,16,19.85366421472474,9.346349479611398,8.280489474919042
18,0,6.982183085639209,2,4.507635820440339,2.272001991718757,3.251091542819604,1.6898189060795479,0,9,10,3,3.492364179559661,9.254185077357967,7.942843986487241,19,0.1908955110084758,6.81600597515627,7.564366171278419
15,0,7.64761403966085,0,5.369638162182047,1.2559517549576062,3.3505925463177064,0.14404824504239383,0,9,7,4,2.6303618378179534,8.903565794618455,3.252087058002243,16,0.0,6.037493427054865,8.759517549576062
14,0,5.5398996444328334,0,4.791390340736317,1.1799665481442778,3.502931214823385,1.6286431111194049,0,9,8,9,3.2086096592636824,6.719866192577111,3.7293869955507453,17,0.0,11.594037214786063,5.091223081457707
14,0,6.472403126090287,0,5.13422338003344,1.186844676006688,3.6192087267953186,1.0618202539431527,0,9,7,7,2.86577661996656,7.659247802096975,3.3520970367785985,17,0.0,9.045994789849523,6.5974275481538225
17,0,6.321949031637398,2,4.807316343879132,1.1897571185692142,2.9013667142226236,1.2926836561208674,1,8,9,3,3.1926836561208676,7.511706150206612,3.803564607481919,18,7.633157458600214,3.5692713557076425,6.2190224940857455
16,0,7.093401820959278,2,5.064467273653093,0.8297458168856701,2.5979286170893503,1.0355327263469072,1,8,9,3,2.9355327263469073,7.923147637844949,2.5229529772075976,17,12.31330438048629,2.48923745065701,6.887614911498042
19,0,7.645367858353525,0,4.236421427764317,2.3814714334141,2.487729279338102,1.6725250028248917,2,8,8,4,3.763578572235683,10.026839291767626,8.998601448103535,16,20.053678583535252,9.780835728006616,8.354314288942733
16,0,5.660655142994758,0,4.442389183575173,0.9969556734300693,3.0256685262809397,1.2847783671503463,0,8,8,9,3.557610816424827,6.657610816424827,3.521803457101573,16,3.5550292666626118,9.505857264736004,5.3728324492744814
15,0,7.707474593529153,0,5.602491531176384,1.5437711720590392,2.8525652947935094,0.19750846882361567,0,8,7,6,2.3975084688236157,9.251245765588193,3.7261889396182983,16,0.0,11.22916073794536,9.053737296764577
14,1,5.797445250582603,1,4.332481750194201,2.5416869442286654,3.7331711277303063,0.9808191390399341,1,8,7,3,3.6675182498057994,8.339132194811269,9.494111932142234,16,8.339132194811269,7.625060832685996,7.358313055771334
16,0,7.43011541468391,2,5.46988458531609,1.9505770734195478,2.524511932359215,0.3301154146839096,0,7,9,8,2.5301154146839093,9.380692488103458,4.945708137321861,16,2.951310639023137,16.16988458531609,9.050577073419548
14,0,6.145355091553659,0,5.022040034877585,1.3817850305178865,3.0560474324246805,1.1961749346045292,0,8,8,9,2.9779599651224156,7.527140122071546,3.980218537929373,17,0.0,13.093260226704299,6.330965187467017
16,0,7.4781976892505915,2,5.421802310749409,2.1909884462529567,3.1543897291827467,0.3781976892505914,0,7,9,7,2.578197689250591,9.66918613550355,5.657325800908751,16,7.663373546557953,16.121802310749406,9.290988446252957
18,0,7.522527083884665,1,4.483956665784537,2.1740650013231955,2.7146714567344725,1.5515379174385306,2,8,8,4,3.5160433342154636,9.696592085207861,7.86390767292979,16,19.393184170415722,8.696260005292782,8.14505416776933
18,0,6.704807245812702,2,4.626511180365984,1.8361256719913899,3.1124036229063514,1.5313184261786872,0,9,10,3,3.3734888196340154,8.540932917804094,6.274626435530683,19,3.1627795091496136,5.50837701597417,7.009614491625406
14,0,7.8,1,5.260317136662401,0.6719590744629296,2.485345263906663,0.8925933477877313,1,8,9,3,2.7396828633375994,8.47195907446293,1.8857186550575884,17,15.674066522122688,2.0158772233887885,7.579365726675199
16,0,7.409942769876362,2,5.4900572301236386,1.8497138493818073,2.2602502853803346,0.30994276987636143,0,7,9,8,2.5099427698763614,9.25965661925817,4.647152994170149,16,0.9743914478834199,16.19005723012364,8.949713849381807
14,0,7.336832786414481,1,4.938244371521931,1.6147331145657926,3.3662064260223716,1.4382443715219309,1,8,10,3,3.0617556284780694,8.951565900980274,4.918306097871061,18,8.951565900980274,4.844199343697378,7.513321529458343
14,0,7.3584080717772595,0,4.2,2.5316816143554517,2.5074327354004664,1.6633632287109037,2,9,9,3,3.8,9.890089686132711,9.620390134550716,18,19.780179372265422,8.418766816308104,8.226726457421806
15,0,7.37096644963533,1,4.117741612408833,2.1887080620441632,2.751131196860822,0.6483825737236566,2,9,9,1,3.882258387591168,9.559674511679495,8.489833249709271,19,19.11934902335899,3.5725538299331063,8.911291937955838
18,0,7.4351691606724595,1,4.623729342924065,1.9644059856139027,2.9680094340498675,1.4292368249414433,2,8,8,4,3.376270657075935,9.399575146286363,6.871521665239139,16,18.799150292572726,7.857623942455611,7.970338321344919
16,0,6.604087085443932,1,5.522581642603686,0.7664510144377886,3.4447104155267274,0.4630108856804914,0,9,7,10,2.4774183573963144,7.37053809988172,2.102319767857607,17,0.0,7.664510144377886,6.907527214201228
17,0,6.448281678159906,1,4.996945205617609,0.7505727739466983,3.027632534353647,0.6505727739466983,0,8,8,9,3.0030547943823906,7.198854452106604,2.3740094176268878,16,3.4631738007740607,7.0540094176268875,6.548281678159905
17,0,6.433587699957855,0,4.307480639865136,1.066412300042145,2.745160137918239,0.313435079983142,0,10,8,4,3.6925193601348636,7.5,3.987878356241069,18,0.0,4.507480639865136,7.186564920016858
15,0,5.3,1,4.462099235211076,1.3379007647889245,3.0019828203515653,0.907872132041533,0,8,7,10,3.5379007647889247,6.637900764788925,4.771923670986838,15,0.0,13.379007647889246,5.730028632747391
15,0,7.44721138337788,0,5.750253510602011,0.9482254257859234,3.595278861662212,0.30101404240804375,0,9,7,7,2.2497464893979893,8.395436809163803,2.1507663729464173,17,0.0,6.248732446989945,8.09442276675576
13,0,7.22797974183677,0,4.172020258163229,2.3880810326529183,2.7115554320408948,1.2642430979587551,2,10,9,2,3.8279797418367703,9.616060774489688,9.133465381938308,19,19.232121548979375,5.9890939408143975,8.351817676530933
17,0,6.459868095193011,1,4.821315746025735,1.2639472380772045,2.980341961884925,1.321315746025735,1,8,10,3,3.1786842539742652,7.723815333270216,4.006262819000732,18,7.723815333270216,3.7918417142316136,6.402499587244481
15,0,7.775970338143281,0,5.4899721920093265,1.2719962922679102,3.4195840567520137,0.1280037077320898,0,9,7,4,2.5100278079906735,9.047966630411192,3.156622061005934,16,0.0,6.205961068813057,8.919962922679103
15,0,7.64178971841923,2,5.220894859209615,0.7373154223711548,2.67069945750404,0.8791051407903849,2,8,8,3,2.779105140790385,8.379105140790385,2.1014988375086565,16,16.75821028158077,2.581103590801927,7.500000000000001
14,0,5.3,0,4.593400642651647,1.2065993573483529,3.376191831557194,1.4002524099436768,0,9,7,10,3.4065993573483526,6.506599357348353,4.141676915272094,16,0.0,12.065993573483528,5.106346947404677
17,0,7.373218457845907,0,4.319655373537719,1.5874707950786564,3.5362879663977465,0.9125292049213437,2,9,7,3,3.680344626462281,8.960689252924563,5.883618577853953,17,17.921378505849127,5.687704434449406,8.04816004800322
16,0,6.774634669719202,0,5.398830943101443,0.7253653302807989,3.4067912592552503,0.44985386788768045,0,10,8,8,2.6011690568985566,7.5,2.0370896892061694,18,0.0,5.598830943101444,7.05014613211232
16,0,7.412956901371916,0,5.149647095036172,1.2266196126714897,3.224464334487405,0.1733803873285105,0,9,7,4,2.8503529049638283,8.639576514043405,3.426613304604637,17,0.0,5.72950593305064,8.466196126714896
16,0,6.090838160221234,1,5.041410775207407,1.0551535348755556,3.088643973653481,0.3988547700276543,0,8,7,10,2.9585892247925933,7.145991695096789,3.4592216139151124,15,0.0,10.551535348755557,6.747136925069135
16,0,7.5732943781794,0,5.187953253815281,1.7267056218205994,3.420522425890232,0.782728994912959,0,9,8,4,2.812046746184719,9.3,5.149130446412233,17,0.0,6.670682248728239,8.517271005087043
13,0,7.321917659496125,1,4.702864177906977,0.7647572147286816,2.872764601531008,1.724781837403103,0,10,9,1,3.2971358220930225,8.086674874224807,2.554072491434106,19,0.0,1.2990042362403056,6.361893036821703
19,0,7.578685549535293,0,4.280876300309805,2.1147421981411707,2.838922772447458,1.516932948915683,2,8,8,4,3.719123699690195,9.693427747676465,7.9227935325027214,16,19.38685549535293,9.025102894733317,8.176494798760782
16,0,6.533458203302833,1,5.456367065596406,0.8061797606421566,3.3957116285413402,0.4541822754128541,0,9,7,10,2.543632934403594,7.339637963944989,2.2890448750181362,17,0.0,8.061797606421566,6.885455688532136
15,0,7.364239665505757,0,5.757796394044931,0.8954252416854811,3.6035760334494245,0.33118557617972505,0,9,7,7,2.2422036059550687,8.259664907191237,2.0248002194496477,17,0.0,6.211018029775344,7.928479331011513
16,0,6.830807064841874,1,4.870774275312249,1.4123228259367497,3.1435551085304247,1.3707742753122498,1,8,10,3,3.12922572468775,8.243129890778624,4.392039347435549,18,8.243129890778624,4.236968477810249,6.872355615466374
17,0,6.362059234030169,2,4.82068641134339,1.1710390241192543,2.8855900346148005,1.2793135886566103,1,8,9,3,3.1793135886566106,7.5330982581494235,3.736981671509919,18,7.8764926864496925,3.5131170723577627,6.253784669492814
15,0,7.523443618981555,2,5.207814539660518,0.6290596444752743,2.4287788432005883,0.8921854603394817,1,8,9,3,2.792185460339482,8.15250326345683,1.8090835924906186,17,14.922224621821435,1.8871789334258227,7.260317803117348
18,0,6.936764127595675,2,4.527101088173282,2.200629343364631,3.228382063797837,1.6638652157689569,0,9,10,3,3.4728989118267175,9.137393470960307,7.6696813959682695,19,0.677527204332059,6.601888030093893,7.47352825519135
15,0,7.0374084446787135,1,5.570985925535478,0.6229014074464521,3.480529584896254,0.8435211116967822,0,10,8,7,2.4290140744645217,7.660309852125165,1.53069294850736,18,0.0,4.786225405338036,6.8167887404283825
15,1,5.161424734818682,1,4.106824970535409,2.670325559827226,3.6958154066113535,0.8,1,8,7,3,3.893175029464591,7.831750294645908,10.408127209844313,16,7.831750294645908,8.379525088393772,7.031750294645908
15,0,7.283707899070303,1,4.246628908367273,1.9859552934921205,2.997078387251637,0.5140447065078795,2,9,9,1,3.7533710916327268,9.269663192562424,7.539945172905089,19,18.53932638512485,2.670223532539397,8.755618486054544
15,0,6.880912735992968,0,4.462316037814346,0.9251226414571027,2.780554481162166,1.043228773807314,0,10,9,2,3.5376839621856537,7.80603537745007,3.331844811066947,19,0.0,2.7823844334781995,6.7628066036427565
14,0,5.35914042589566,0,4.657756838645957,1.0831027354583829,3.572702370160731,1.7155136772919142,0,9,8,9,3.342243161354043,6.442243161354043,3.612257872231302,17,0.5829556266857931,10.754989664146551,4.72672948406213
16,0,7.039233569439047,1,5.716459858336572,0.9341605666537132,3.2267299489052963,0.4443065722243811,0,9,8,9,2.2835401416634284,7.973394136092761,2.2055255016323403,17,0.0,8.840364816556562,7.529087563868379
16,0,6.276647467212732,1,5.215607000511936,0.9506357996928382,3.2175491803788328,0.42208093340159153,0,8,7,10,2.784392999488064,7.22728326690557,2.96798825855634,16,0.0,9.506357996928383,6.805202333503979
18,0,7.674653398528883,1,4.240554562353788,2.539168156469319,2.27350514426624,1.7645147579404359,2,8,8,4,3.759445437646212,10.213821554998201,9.592062607288108,16,20.427643109996403,10.156672625877276,8.449306797057766
15,0,7.563685689642741,0,5.739664937305205,1.022345438863562,3.583631431035726,0.2586597492208217,0,9,7,6,2.2603350626947947,8.586031128506303,2.327595547003069,16,0.0,6.3016753134739725,8.32737137928548
18,0,6.304591306346037,1,4.77245216192378,1.1954086936539632,2.8994399954041157,1.254086936539633,0,9,9,3,3.2275478380762204,7.5,3.8556104415765247,19,7.155652024047248,3.6367304507682934,6.2459130634603675
16,0,7.332499361289397,1,5.540500383226362,1.6379984670945518,2.3352019416802343,0.3270002554842414,0,7,8,9,2.459499616773638,8.97049782838395,4.070695937800562,16,0.0,14.822986970303688,8.643497572899706
18,0,6.638628459352689,2,4.654873517420276,1.732130436125654,3.0793142296763443,1.4935019767729651,0,9,10,3,3.345126482579724,8.370758895478343,5.876608305535457,19,3.871837935506904,5.1963913083769615,6.8772569187053785
14,0,5.866813567023609,0,4.915928977913756,1.2889378556745366,3.261637605292098,1.3951331664117077,0,9,8,9,3.0840710220862437,7.155751422698146,3.8648227634812096,17,0.0,12.403538356439412,5.760618256286438
16,0,7.4460157221091805,2,5.45398427789082,2.030078610545903,2.7328059596302667,0.34601572210918063,0,7,9,8,2.5460157221091806,9.476094332655085,5.181032687215873,16,4.509540766699705,16.153984277890817,9.130078610545903
16,0,5.559222204626535,1,4.543020816837377,1.3541875098975737,2.719835404459659,0.33240277557831693,0,7,7,10,3.4569791831626233,6.913409714524109,4.864681296518597,14,0.0,13.541875098975739,6.581006938945793
16,0,5.648634747317905,2,4.474317373658952,1.6267762717519654,2.682623305720961,0.31584703396899566,0,7,7,9,3.5256826263410477,7.275411019069869,5.6181422460666814,14,1.5530093289615756,15.174317373658951,6.959563985100875
13,0,7.569611773971836,1,4.969281569862911,1.7078447095887344,3.468629180547608,1.4692815698629114,1,8,10,3,3.0307184301370884,9.27745648356057,5.16039624493071,18,9.27745648356057,5.123534128766203,7.808174913697659
18,0,6.382094525089392,0,4.2,1.0910472625446959,2.6679138044353397,0.32238184363826056,0,9,9,4,3.8,7.473141787634088,4.145979597669844,18,0.30886944220799517,4.565625642923129,7.150759943995827
16,0,6.9154672140883235,1,5.598926216851793,0.8629426395015015,3.589677865055538,0.6856065690598835,0,9,8,8,2.4010737831482074,7.778409853589825,2.36094350814418,18,0.0,6.139204926794912,7.092803284529942
18,0,6.565001173642514,1,4.652000938914012,1.4273344287330128,2.7979674725678594,0.6493330203619964,1,7,9,8,3.3479990610859884,7.992335602375528,4.384268669683223,16,7.992335602375528,11.113339592760074,7.343002582013531
16,0,7.158779693920591,0,4.911355963050554,1.194847461740074,3.087844085482318,0.20515253825992608,0,9,8,4,3.0886440369494457,8.353627155660666,3.61565760264656,17,0.0,5.3958983482707765,8.14847461740074
16,0,7.40663023922654,2,5.10331511961327,1.0900546411601901,3.19196963638117,0.9966848803867301,2,8,8,3,2.89668488038673,8.49668488038673,3.218506363673935,16,16.99336976077346,4.188026698618644,7.5
18,0,6.610924096680532,0,4.3054620483402655,1.5218481933610626,2.883893293457847,0.7921562255879063,0,9,9,3,3.694537951659734,8.132772290041594,5.540460423589426,19,0.0,5.278850402835547,7.3406160644536875
15,1,7.293603224696624,2,4.676161934817975,1.3604696809708035,3.0544777427123635,1.8761619348179743,0,9,9,1,3.323838065182026,8.654072905667427,4.638330529025231,19,0.0,3.2593200137618634,6.777910970849453
18,0,6.281970219875581,0,4.2,1.0409851099377907,2.6003298984160175,0.4475372251555235,0,9,9,5,3.8,7.322955329813372,3.955743417763604,18,2.036013707146224,5.491775466150874,6.875418104657848
14,1,6.1846276426759825,1,4.46154254755866,2.3982860582681544,3.701622932818994,1.0811997592122917,1,8,8,3,3.5384574524413392,8.582913700944136,8.702539041640215,16,8.582913700944136,7.194858174804463,7.501713941731845
16,1,7.229840756380566,2,4.637904453828339,1.56450957958219,3.0991114705336043,1.8379044538283393,0,9,9,2,3.362095546171661,8.794350335962756,5.379250410857828,19,0.0,4.049974620880986,6.956445882134417
17,0,7.2,1,4.9392532717043025,1.4835267514065842,3.5740665896303776,1.137966705184811,2,8,8,3,3.0607467282956975,8.683526751406584,4.602447074958996,16,17.367053502813167,5.744273479702281,7.545560046221773
17,0,7.207776534407896,1,4.930011190328939,1.45443574085527,3.5893430316184136,1.04556425914473,2,8,8,3,3.0699888096710612,8.662212275263165,4.510283722875038,16,17.32442455052633,5.32782129572365,7.616648016118436
17,0,7.200233939062578,1,4.9978945484368,1.4016375734380446,3.648175275311893,1.0983624265619554,2,8,8,3,3.0021054515632004,8.601871512500622,4.209334168596855,16,17.203743025001245,5.591812132809776,7.503509085938667
13,0,7.216150305896457,0,4.2,2.5032300611792913,2.635464724693189,1.6064601223585828,2,9,9,3,3.8,9.719380367075747,9.512274232481307,18,19.438760734151494,7.59367177419945,8.112920244717165
15,0,7.991593890306584,0,5.692119272162423,1.298949236288323,3.535481716039789,0.10105076371167698,0,9,7,4,2.3078807278375773,9.290543126594908,2.996252044084478,16,0.0,6.488966981027391,9.18949236288323
13,0,7.22061874920275,0,4.22061874920275,2.3865968793848804,2.7664959329955314,1.5484531269931276,2,9,8,3,3.779381250797251,9.607215628587628,9.040201892778697,18,19.214431257175256,7.448453126993128,8.058762501594503
13,1,6.950589296614591,1,4.71686309887153,2.1145965568094107,3.6392112424980705,1.2797824102334123,1,8,9,3,3.28313690112847,9.065185853424001,7.136572993587948,17,9.065185853424001,6.343789670428232,7.785403443190589
14,0,5.3,0,4.622972100726704,1.1770278992732957,3.460470487071108,1.5111453777251418,0,9,7,10,3.3770278992732954,6.4770278992732955,3.9997339165118184,17,0.0,11.770278992732955,4.965882521548155
17,0,7.507580242847176,1,5.354518542916941,2.3113703642707644,3.393002494347506,0.4530616999302355,1,7,9,6,2.6454814570830587,9.818950607117943,6.12781473551994,16,10.20933311374753,15.88396307885547,9.365888907187706
15,0,7.279001355879186,1,4.288987797087329,1.9530094911542992,3.0337894241423524,0.5469905088457008,2,9,9,1,3.711012202912671,9.232010847033486,7.352154099579506,19,18.46402169406697,2.8349525442285035,8.685020338187783
16,0,6.757344557869537,1,4.997728302179333,2.4547198837771793,3.548303918644026,0.5237759070217438,1,7,8,5,3.0022716978206674,9.212064441646717,7.508632451718535,16,9.212064441646717,13.71731378983143,8.688288534624974
15,0,7.295739866517287,0,4.295739866517287,1.9734307341549262,3.1909302458226665,1.3606503337067848,2,9,8,3,3.7042601334827134,9.269170600672213,7.365000976664519,17,18.538341201344426,7.260650333706785,7.908520266965428
13,0,7.217341042372437,0,4.217341042372437,2.404624266951598,2.7479768894042675,1.5566473940689083,2,9,8,3,3.782658957627563,9.621965309324034,9.11329475509466,18,19.24393061864807,7.456647394068908,8.065317915255127
17,0,7.2,1,4.966536634403145,1.4460121276956766,3.6081707930039304,1.1209146034980348,2,8,8,3,3.0334633655968557,8.646012127695677,4.4216947970791685,16,17.292024255391354,5.679475493292532,7.525097524197641
18,0,7.375839241394568,0,4.327517724183704,1.569125310238023,3.56013709669057,0.9308746897619771,2,9,7,4,3.6724822758162956,8.94496455163259,5.801063896071103,16,17.88992910326518,5.81612282833384,8.014089861870614
14,0,7.8,1,5.191684815600278,0.9693657990654596,2.7713132683321726,1.0527354302660168,1,8,9,3,2.8083151843997216,8.76936579906546,2.8122549893962394,17,14.072645697339834,2.908097397196379,7.716630368799444
14,1,5.750603217045105,1,4.316867739015035,2.5590358455388498,3.736987886018547,0.9686749081228051,1,8,7,3,3.6831322609849653,8.309639062583955,9.589877867374451,16,8.309639062583955,7.677107536616548,7.34096415446115
18,0,6.3275896670726866,1,4.634461997563883,1.172410332927314,2.846543765732822,1.0241033292731385,0,9,9,3,3.365538002436117,7.5,3.9338048680471327,19,5.43077496954854,3.820717336581489,6.475896670726861
18,0,6.617661052126308,0,4.308830526063154,1.5353221042526157,2.8904056837220975,0.8078757882947184,0,9,9,3,3.691169473936846,8.152983156378923,5.583913786214685,19,0.0,5.306921050526283,7.345107368084205
18,0,6.029134799730018,1,4.223307839784015,0.9271924797480164,2.4300058958146122,0.7922307200719954,1,7,9,8,3.7766921602159855,6.956327279478035,3.46972339153923,16,6.956327279478035,8.255385598560094,6.1640965594060395
13,0,7.2,0,4.2773089498911805,2.3937001938996274,2.746636187363975,1.5516819063180125,2,9,8,3,3.72269105010882,9.593700193899627,8.987828206970931,18,19.187400387799254,7.3163912440084475,8.042018287581614
17,0,7.541334032353134,0,4.718001572794553,1.081998427205447,3.2641307819110583,0.9939994757351491,2,8,7,4,3.2819984272054468,8.623332459558583,3.7361935515423323,16,17.246664919117165,5.056657055144399,7.629332983823434
16,0,6.737507267397383,0,4.384094873125846,0.97727008458277,2.7505697013649075,0.8216021405232279,0,10,9,3,3.615905126874155,7.714777351980152,3.584759910226434,19,0.0,3.264748282390622,6.893175211456924
15,0,7.722606290011935,2,5.274202096670645,0.536117064661097,2.350441525928639,0.825797903329355,1,8,9,3,2.7257979033293553,8.258723354673032,1.478473558580188,17,16.13047815940574,1.608351193983291,7.432925451343678
16,0,7.466991746455004,2,5.433008253544997,2.1349587322750194,3.007591878560551,0.36699174645500393,0,7,9,7,2.566991746455004,9.601950478730025,5.491477847534057,16,6.565191152590384,16.133008253544993,9.23495873227502
17,0,6.422082718855051,0,4.270664700336161,1.07791728114495,2.7228404745787973,0.30883308754202005,0,10,8,4,3.7293352996638394,7.5,4.0536868481491135,18,0.0,4.470664700336161,7.19116691245798
13,0,7.241173624303007,0,4.158826375696993,2.3353055027879726,2.740581973466615,1.1059165083639173,2,10,9,2,3.841173624303007,9.576479127090979,8.960625521630611,19,19.152958254181957,5.2766242876376275,8.470562618727062
13,0,7.200129300086833,0,4.200129300086833,2.4992888495224186,2.6507305454906067,1.5996767497829176,2,9,8,3,3.799870699913167,9.69941814960925,9.497116608063624,18,19.3988362992185,7.4996767497829175,8.099741399826334
16,0,6.96629012784423,2,5.02209670928141,0.8890646070060257,2.647925883047936,1.07790329071859,1,8,9,3,2.97790329071859,7.855354734850256,2.7339583877785776,18,11.542160108921665,2.667193821018077,6.777451444131667
18,0,7.436605059040667,1,4.6214319055349335,1.9678521416976,2.9638453287820665,1.4312470826569335,2,8,8,4,3.3785680944650665,9.404457200738268,6.887833470701973,16,18.808914401476535,7.8714085667904,7.973210118081333
15,0,6.743004801338266,1,5.24971611479553,1.5810016004460887,2.6149250275836606,0.7692822847583813,0,7,8,9,2.75028388520447,8.324006401784356,4.227816274840139,16,0.0,14.573154746170944,7.554724117025974
16,0,5.384365805150525,1,4.287947742121354,1.4276864527281212,2.52433206475776,0.3602612893932322,0,7,7,9,3.712052257878647,6.812052257878646,5.293286907184831,14,0.8316057936266047,14.168394206373396,6.4517909684854144
15,0,6.8351497100623915,1,5.284818937166626,1.6117165700207972,2.546913309239663,0.7034644928125775,0,7,8,9,2.715181062833375,8.446866280083189,4.265990594168705,16,0.0,14.801323091583065,7.743401787270612
18,0,7.380740097221437,0,4.342220291664311,1.5348193194499413,3.604734884715076,0.9651806805500588,2,9,7,4,3.657779708335689,8.915559416671378,5.646686937524735,16,17.831118833342757,6.056264763850411,7.95037873612132
15,0,7.3115282021247285,0,4.134584606374185,2.019302585126901,2.9749066393350287,0.4806974148730991,2,9,9,1,3.865415393625815,9.33083078725163,7.826861633071055,19,18.66166157450326,2.6648819041116933,8.850133372378531
14,1,6.238759181272384,1,4.479586393757461,2.3782373402694876,3.697212214859287,1.0952338618113588,1,8,8,3,3.520413606242539,8.616996521541871,8.59187011828757,16,8.616996521541871,7.134712020808462,7.521762659730512
13,0,7.8,1,5.06139744861227,1.5339443893468268,3.3141772974488717,1.356739286571368,1,8,9,3,2.938602551387729,9.333944389346826,4.571134443734345,17,11.03260713428632,4.60183316804048,7.977205102775458
18,0,6.223519364436066,1,4.647038728872132,1.1235193644360661,2.7825322740601104,1.1725322740601103,1,8,9,4,3.352961271127868,7.347038728872132,3.7329271102104924,18,7.347038728872132,4.747209533459008,6.174506454812022
14,1,5.248183059545482,1,4.149394353181827,2.745117385353525,3.7779258247777756,0.8384178302525325,1,8,7,3,3.850605646818173,7.993300444899007,10.617047967151459,16,7.993300444899007,8.235352156060573,7.154882614646475
16,0,7.172428157481923,1,5.636543105510847,1.2538275779566126,2.821818401254957,0.39102873700723123,0,8,8,9,2.363456894489153,8.426255735438534,3.052643081585024,16,0.0,11.557534412631208,8.035226998431304
16,0,7.608973830428468,1,4.870191118464052,0.929808881535948,3.017245518936093,0.9432696271786494,2,8,8,3,3.129808881535948,8.538782711964416,3.1122164142973863,16,17.07756542392883,4.126609831608571,7.595513084785767
18,0,6.257818660250329,0,4.2,1.0289093301251646,2.584027595668972,0.47772667468708896,0,8,9,5,3.8,7.286727990375494,3.9098554544756245,17,2.452628110681827,5.715177392684458,6.809001315688405
16,0,7.4399330598227085,1,4.134983264955677,2.274916324778386,2.635612124796963,0.8897657093794807,2,9,9,2,3.865016735044323,9.714849384601095,8.781217177750944,18,19.42969876920219,5.003610991321207,8.825083675221615
17,1,6.3070752260311185,1,4.354121100217077,2.482348624728653,3.453289542212372,1.3717724754884246,0,9,8,3,3.6458788997829226,8.789423850759771,9.096681105942467,17,2.881108270712716,7.447045874185958,7.4176513752713475
13,1,6.613828423809488,1,4.604609474603162,2.239322805996486,3.666651017319227,1.19247403580246,1,8,8,3,3.3953905253968375,8.853151229805974,7.825061889100603,17,8.853151229805974,6.717968417989457,7.660677194003513
13,0,7.740530941922043,1,5.232955695459678,0.9886371303064518,3.2130689868217743,1.0859824206962359,0,9,8,2,2.767044304540322,8.729168072228495,2.6007964128830645,17,0.0,3.4901589262957016,7.643185651532259
18,0,6.353999342609312,0,4.2,1.0769996713046563,2.648949556261286,0.3575008217383595,0,9,9,4,3.8,7.4309990139139686,4.092598750957693,18,0.7935113399893607,4.82550608086386,7.0734981921756095
16,0,5.62881440715557,0,4.46513256631745,1.00605302652698,3.0834367184463236,1.3302651326349002,0,8,8,9,3.5348674336825496,6.63486743368255,3.531355677853329,17,3.241170584819189,9.637768884641211,5.30460230104765
19,0,7.567690351475552,0,4.288206432349632,2.070761405902206,2.8968308155620957,1.491277486776287,2,8,8,4,3.7117935676503673,9.638451757377759,7.745404337138897,16,19.276903514755517,8.90049065005625,8.147174270601472
16,0,5.58538253961822,1,4.383139814777295,2.152823280509039,3.4340528042799714,1.0022427248409254,1,9,8,3,3.6168601852227047,7.738205820127259,8.056243016252497,17,7.738205820127259,6.458469841527116,6.735963095286334
14,1,6.254445049529642,1,4.484815016509881,2.3724277594334655,3.695934107075362,1.099300568396574,1,8,8,3,3.515184983490119,8.626872808963109,8.559801232072731,16,8.626872808963109,7.1172832783003965,7.527572240566534
14,0,5.829262155617576,0,4.896023020599102,1.1392046041198205,3.652556777116126,1.466760864981526,0,9,7,9,3.1039769794008976,6.968466759737398,3.5045452668165744,17,0.0,10.11789640730404,5.5017058947558715
14,0,7.8,1,5.161520447114236,1.1000780625049762,2.896998137024015,1.1231189567334487,1,8,9,3,2.838479552885764,8.900078062504976,3.2194739639578103,17,13.368810432665514,3.3002341875149286,7.776959105771528
15,0,5.536841377443621,0,4.530827587540271,1.0323310350161083,3.2503020723522877,1.4616551750805415,0,8,8,9,3.469172412459729,6.5691724124597295,3.5589475867669136,17,2.334579291944264,10.01880000773357,5.107517237379188
13,0,7.8,1,5.078643269928042,1.4592124969784825,3.242319708633156,1.3164990368345675,1,8,9,3,2.9213567300719574,9.259212496978483,4.338315855971427,17,11.435009631654324,4.377637490935448,7.942713460143915
17,0,7.508067243951492,1,4.152016810987873,2.360084054939366,2.52148736638125,1.1282353538302246,2,8,9,2,3.847983189012127,9.86815129889086,9.069084105695056,18,19.73630259778172,6.4173953119934755,8.739915945060634
18,0,6.342681705665487,1,4.543909766007081,1.1573182943345135,2.8118320769693814,0.8731829433451357,0,9,9,3,3.4560902339929185,7.5,3.9851177992626536,19,4.298872075088518,3.9414536453238913,6.626817056654865
19,0,7.437000386641266,0,4.37533307557249,1.5480015465650605,3.58513129702267,1.1863342354962856,2,8,7,4,3.6246669244275096,8.985001933206327,5.636939571145744,16,17.970003866412654,7.419337715267671,7.798667697710041
15,1,7.291246957986054,2,4.674748174791632,1.3680097344446271,3.056127129409762,1.8747481747916324,0,9,9,1,3.3252518252083676,8.65925669243068,4.665710348202053,19,0.0,3.288537720972931,6.784508517639049
14,0,7.8,1,5.161417144827324,1.100525705748264,2.897428563219484,1.1233599954029114,1,8,9,3,2.8385828551726764,8.900525705748263,3.2208685448311303,17,13.366400045970888,3.3015771172447916,7.777165710345352
17,0,7.205795211994934,2,5.002897605997467,1.3913071820075993,3.6371539467445633,1.0971023940025333,2,8,8,3,2.997102394002533,8.597102394002533,4.1724727430240645,16,17.194204788005067,5.560399384701285,7.5
13,0,7.8,1,5.000071257072765,1.7996912193513501,3.5697030955301443,1.4998337334968808,1,8,9,3,2.9999287429272345,9.59969121935135,5.399038029517667,17,9.601662665031192,5.399073658054051,8.09985748585447
14,0,5.80077685585715,0,4.885472909576722,1.1370945819153446,3.654033792659259,1.484696053719572,0,9,7,9,3.1145270904232776,6.937871437772496,3.5112973378708974,17,0.0,10.165371906904749,5.4531753840529245
18,0,6.568774722943808,2,4.684810833024082,1.6223602789116982,3.044387361471904,1.4535855559678903,0,9,10,3,3.3151891669759177,8.191135001855507,5.456487976562045,19,4.6202708256020575,4.867080836735095,6.737549445887616
15,1,5.228079172092019,1,4.126964036229898,2.766294954712626,3.754272651995384,0.8606690815172724,0,9,7,3,3.8730359637701017,7.9943741268046455,10.726533040050477,16,7.367460284459497,8.298884864137879,7.133705045287373
13,1,7.610919794481828,1,4.936973264827276,1.870029705747471,3.5854065352644433,1.4509792059767703,1,8,9,3,3.063026735172724,9.480949500229299,5.7865639757260405,17,9.480949500229299,5.610089117242413,8.029970294252529
18,0,7.695257283185751,0,4.2,2.59905145663715,2.2042684451328243,1.7981029132743005,2,8,9,3,3.8,10.294308739822903,9.87639553522117,17,20.588617479645805,10.372492242477357,8.4962058265486
18,0,6.33687868518406,2,4.784194849206831,1.2579522195749513,2.9284393425920303,1.3210735343908915,0,9,10,3,3.2158051507931686,7.594830904759012,4.061798949464132,19,7.104871230170786,3.773856658724854,6.27375737036812
15,0,6.99739775167498,0,5.791145658938638,0.6619803874295327,3.640260224832502,0.4645826357545527,0,9,7,9,2.208854341061362,7.659378139104513,1.4678674957247424,17,0.0,6.044271705306809,7.19479550334996
15,0,7.4225580639237565,1,5.507519354641252,1.7812016133968696,2.1830114502208278,0.2924806453587478,0,7,8,8,2.492480645358748,9.203759677320628,4.443228872458546,16,0.0,15.835311299899269,8.911279031961879
18,0,7.304043734628699,0,4.687868796113903,1.4,3.717628427508654,1.1,2,8,7,4,3.312131203886097,8.7040437346287,4.636983685440535,16,17.4080874692574,6.328306142400893,7.6040437346287
15,0,7.590378603613663,1,4.796908648672793,1.1707884684362757,2.55058353602497,0.6323028828909312,2,8,9,2,3.203091351327207,8.76116707204994,4.217620702565078,18,17.52233414409988,1.7515456756636034,8.128864189159009
16,0,6.7641565144654985,0,5.3653008462895935,0.7358434855345021,3.386463638063066,0.4456626057861992,0,10,8,8,2.6346991537104065,7.5,2.0970247372573514,18,0.0,5.565300846289594,7.054337394213801
18,0,6.360171261602437,0,4.438972430385381,1.1398287383975636,2.7716060983143964,0.6982873839756356,0,9,9,3,3.5610275696146187,7.5,4.044582289448284,19,2.987155379817267,4.081370092819491,6.801712616024364
15,0,7.899130731377427,0,5.709169933511143,1.235810465421999,3.5500869268622575,0.13667973404457207,0,9,7,5,2.290830066488857,9.134941196799426,2.8368621103639113,16,0.0,6.454150332444285,8.998261462754854
14,0,7.096355443405893,2,4.8,0.8681852319142109,2.91,1.7645406753201045,0,9,9,1,3.2,7.964540675320104,2.778192742125475,19,2.5227784787131653,1.6754743451024239,6.199999999999999
15,0,7.083778787451784,1,4.904503838326905,1.513511514980714,3.254862666478785,1.4045038383269046,1,8,10,3,3.0954961616730956,8.597290302432498,4.655129938949856,18,8.597290302432498,4.540534544942141,7.192786464105594
16,0,6.471634891495432,1,5.398407710776968,0.8409553735338193,3.352821705974956,0.446454361436929,0,9,7,10,2.6015922892230323,7.312590265029252,2.4524902556089514,16,0.0,8.409553735338193,6.866135903592323
13,1,7.790964822483956,1,4.9969882741613185,1.8033463620429793,3.5707361996494553,1.4976575465699145,1,8,9,3,3.0030117258386815,9.594311184526935,5.418471918477246,17,9.594311184526935,5.410039086128938,8.09665363795702
16,1,6.841159379767775,1,4.573848613230123,1.3205796898838873,2.952080489183677,1.1271175365763568,1,7,9,6,3.426151386769878,8.161739069651663,4.3452753177445524,16,8.161739069651663,6.838260930348338,7.034621533075305
15,0,7.67329683589963,0,5.729700287645488,1.0920979864815825,3.572670316410037,0.2188011505819529,0,9,7,6,2.270299712354512,8.765394822381213,2.4940051963203467,16,0.0,6.351498561772559,8.54659367179926
15,0,6.988306906984859,1,5.6528218216919015,0.6147178178308098,3.541088148052007,0.7207672674621479,0,10,8,8,2.347178178308099,7.603024724815669,1.4554039240434506,18,0.0,5.219955654967078,6.882257457353521
17,0,7.284446684765758,1,4.841336021718909,2.015553315234242,3.339645071734412,1.2448853043747872,0,9,9,3,3.15866397828109,9.3,6.610699775085263,18,0.0,6.786221326093696,8.055114695625214
16,0,5.587624025870373,0,4.494554267235448,1.017821706894179,3.1581678387780365,1.3891085344708949,0,8,8,9,3.5054457327645525,6.605445732764553,3.543712792238888,17,2.835151112150826,9.808414749965594,5.216337198293658
16,0,6.71589846854516,1,4.855453129139355,1.3663593874180642,3.092995326159871,1.3554531291393548,1,8,10,3,3.1445468708606454,8.082257855963224,4.272534407286967,18,8.082257855963224,4.099078162254193,6.72680472682387
15,0,5.3,1,4.335864359176986,1.4641356408230137,2.642213423654411,0.4344913469136986,0,7,7,10,3.6641356408230137,6.764135640823014,5.377851075950467,14,0.0,14.641356408230138,6.329644293909315
15,1,5.1405906094982905,1,4.104510067722032,2.714308713281386,3.727761065435954,0.8,1,8,7,3,3.895489932277968,7.854899322779676,10.581744920847576,16,7.854899322779676,8.386469796833902,7.054899322779677
15,0,7.890532401320884,0,5.568638881585062,1.4094675986791152,3.5093490723698477,0.2751481578865842,0,9,7,4,2.431361118414938,9.3,3.5439060493163224,16,0.0,6.543787039471646,9.024851842113417
15,0,7.395815070270178,0,4.2,2.5391630140540355,2.47376643675684,1.6783260281080712,2,9,9,3,3.8,9.934978084324214,9.648819453405334,18,19.86995616864843,8.635727407567032,8.256652056216142
14,0,5.561318870323398,0,4.799550045837485,1.1871062901077996,3.487121786189873,1.6133436640547156,0,9,8,9,3.2004499541625147,6.748425160431198,3.7382606748482647,17,0.0,11.647075297943653,5.135081496376483
18,1,5.960774127803482,1,4.195641569755943,0.9828101746370923,2.4701463373679937,0.8,1,7,8,8,3.8043584302440574,6.943584302440575,3.7468822683043124,16,6.943584302440575,8.113075290732173,6.143584302440575
16,0,7.32120640671397,1,5.0,1.4808042711426466,3.6338391457714705,1.1808042711426467,1,8,8,3,3.0,8.802010677856616,4.442412813427939,16,15.664718848289713,5.559597864428676,7.62120640671397
18,0,6.374101734839819,0,4.355389590961089,1.1258982651601814,2.739566009868417,0.5589826516018137,0,9,9,3,3.6446104090389118,7.5,4.091945898455383,19,1.9423698870136024,4.19281387871855,6.941017348398186
14,0,7.676566268691974,1,5.164578308410702,2.0057228855133773,3.5165120497665217,1.04740965187057,1,7,9,4,2.835421691589298,9.682289154205352,5.638638547195518,17,9.682289154205352,9.802469749986273,8.634879502334782
13,0,7.2,0,4.214135587935935,2.48056356658809,2.6676694849199185,1.591165257540041,2,9,8,3,3.785864412064065,9.68056356658809,9.406351729924433,18,19.36112713317618,7.466427978652155,8.089398309048049
18,0,7.446320408747399,0,4.504220919681647,1.2957790803183524,3.610930508071994,1.065259693439451,2,8,7,4,3.4957790803183526,8.742099489065753,4.612694229305245,16,17.484198978131506,6.363094379723266,7.676839795626302
16,0,6.700399223221099,0,5.161277514307517,0.7996007767789011,3.262774493048932,0.4201596892884396,0,10,8,7,2.8387224856924833,7.5,2.4617164431753134,18,0.0,5.361277514307517,7.07984031071156
15,0,7.309627603282473,0,4.128882809847418,2.032606777022689,2.957611189870504,0.4673932229773107,2,9,9,1,3.8711171901525816,9.342234380305163,7.8867304966021035,19,18.684468760610326,2.5717525608411744,8.874841157327852
18,0,6.003244527055992,1,4.206489054111985,0.9032445270559923,2.415407545093321,0.8054075450933206,1,7,9,8,3.7935109458880154,6.906489054111985,3.424542337878389,16,6.906489054111985,8.051332094160115,6.101081509018664
15,0,7.717688105182987,0,5.725664717710638,1.120346976025537,3.5682311894817014,0.20265887084255035,0,9,7,6,2.2743352822893623,8.838035081208524,2.561399214232352,16,0.0,6.371676411446812,8.635376210365974
15,0,7.438991845689737,1,5.5129972818965784,1.767506795258553,2.2216308373708804,0.2870027181034212,0,7,8,8,2.487002718103421,9.20649864094829,4.40187052168083,16,0.0,15.569631828015927,8.919495922844868
16,0,7.319683952714903,0,4.319683952714903,1.841738260068036,3.326214332839199,1.3007901182127437,2,9,7,4,3.680316047285097,9.16142221278294,6.831047854457673,17,18.32284442556588,7.200790118212744,7.860632094570195
15,0,7.059434044094816,1,5.370260588226596,1.6864780146982719,2.3813701103109697,0.5432613970751319,0,7,8,9,2.6297394117734036,8.745912058793088,4.358908389696423,16,0.0,15.356693823472876,8.202650661717955
18,0,6.323056919580502,1,4.661658482516988,1.176943080419498,2.8569690849648457,1.069430804194981,0,9,9,3,3.3383415174830113,7.5,3.9183935265737064,19,5.770731031462358,3.784455356644015,6.4305691958050195
14,0,5.655650712723689,0,4.835485985799501,1.2185502375745627,3.417495902513468,1.5459637766259369,0,9,8,9,3.1645140142004995,6.874200950298252,3.7773410095569564,17,0.0,11.880658907696752,5.328237173672315
18,0,6.927796742779003,1,4.463898371389501,2.1555934855580046,3.190203518019702,1.5315257331510057,0,9,9,3,3.5361016286104987,9.083390228337008,7.5842889909245645,19,0.0,6.59915309491251,7.551864495186003
13,0,7.8,1,5.014083607144344,1.7389710357078432,3.5113183035652336,1.4671382499965309,1,8,9,3,2.985916392855656,9.538971035707842,5.209871303551358,17,9.92861750003469,5.2169131071235295,8.071832785711312
15,0,6.021817467578999,1,4.599317794938624,2.607954694254375,3.6555682859780627,0.6463637554035002,1,8,7,4,3.4006822050613756,8.629772161833374,9.022592379233227,16,8.629772161833374,11.35749770848262,7.983408406429874
13,0,7.218365968713307,0,4.2,2.5036731937426615,2.633470628158024,1.6073463874853229,2,9,9,3,3.8,9.722039162455967,9.513958136222113,18,19.444078324911935,7.60652261853718,8.114692774970646
15,0,7.9743621577899955,0,5.691454052596665,1.3213648685083372,3.479751070806489,0.10854594740333487,0,8,7,5,2.3085459474033345,9.295727026298334,3.054521902895178,16,0.0,6.9144784490617415,9.187181078894998
14,1,7.413102847896983,2,4.747861708738189,0.9780708867296546,2.970828006472112,1.9478617087381898,0,9,9,1,3.25213829126181,8.391173734626637,3.2497449074370586,19,0.0,1.7775246860774114,6.4433120258884475
17,0,7.219923031287013,1,4.820692718416888,1.5394612190090875,3.4946003559613024,0.9605387809909126,2,8,8,3,3.1793072815831125,8.7593842502961,4.994928948351799,16,17.5187685005922,4.902693904954562,7.798845469305188
16,0,6.622533638291921,2,5.0557335075953835,1.688933376898846,2.2817910515715774,0.3,0,7,8,9,2.9442664924046165,8.311467015190768,4.8887331808540395,15,0.0,15.755733507595384,8.011467015190767
16,0,7.564897206910966,1,5.313470390785379,2.191837988481723,3.468122122994752,0.6379564253402089,1,7,9,6,2.686529609214621,9.75673519539269,5.854532066638798,16,9.75673519539269,13.785332953508876,9.118778770052481
17,0,7.35182603666764,0,4.255478110002918,1.7372177433265255,3.3416169336755166,0.7627822566734745,2,9,8,3,3.7445218899970825,9.089043779994165,6.5574798449693645,17,18.17808755998833,4.639475796714322,8.32626152332069
16,0,5.816728886916409,1,4.518091850701238,1.8443614841114542,3.2643988162613002,1.0986370362151705,1,9,8,3,3.4819081492987616,7.661090371027863,6.691299567193186,17,7.661090371027863,5.5330844523343625,6.562453334812693
17,1,6.097559851634509,1,4.310012600344107,2.5374842495698657,3.511733304544058,1.2725283507742413,0,9,8,3,3.6899873996558927,8.635044101204375,9.41315959253103,17,3.752251143203881,7.612452748709597,7.362515750430134
14,0,7.1877199584581675,2,4.8,0.8301166839757637,2.91,1.817836642433931,0,9,9,1,3.2,8.017836642433931,2.6563733887224434,19,1.9517502596364547,1.454676767059429,6.199999999999999
16,0,7.4515247924314725,2,5.448475207568528,2.057623962157363,2.804974780852291,0.3515247924314726,0,7,9,7,2.5515247924314726,9.509148754588836,5.262566927985794,16,5.049429658284314,16.148475207568527,9.157623962157363
18,0,7.601762731826275,1,4.789423609042352,2.452644097739412,2.8090710626770967,1.112339122783923,1,7,9,5,3.210576390957648,10.054406829565687,7.964373270612356,16,15.295187518618835,13.19976214295117,8.942067706781764
17,0,7.202198534515966,2,5.001099267257983,1.396702198226052,3.645126581822943,1.0989007327420173,2,8,8,3,2.998900732742017,8.598900732742017,4.189556961049163,16,17.197801465484034,5.58497668080757,7.5
18,0,6.389743614804621,0,4.261538311172278,1.1102563851953797,2.7035896859493733,0.4025638519537962,0,9,9,3,3.738461688827722,7.5,4.145128290335709,19,0.7692288896534709,4.317948918436963,7.097436148046204
18,0,7.307323850356877,0,4.678028448929372,1.4,3.7197605027319693,1.1,2,8,7,4,3.321971551070628,8.707323850356877,4.650760171498878,16,17.414647700713754,6.351266952498132,7.6073238503568765
13,0,7.8,1,5.113118785119465,1.3098185978156542,3.098671728668898,1.2360561680545832,1,8,9,3,2.886881214880536,9.109818597815654,3.8728964008872313,17,12.23943831945417,3.929455793446963,7.873762429761071
13,0,7.648722962455337,0,4.798297283273783,1.9764898771354402,3.33804187576485,1.5252128395907771,1,8,9,3,3.201702716726217,9.625212839590777,6.433726423221863,18,12.07085827989616,5.92946963140632,8.1
16,0,7.423296647485585,2,5.361648323742793,2.2721078718129397,3.4086213557895575,0.3965134839766175,0,7,8,7,2.6383516762572072,9.695404519298526,5.965007981099454,15,9.458321429708517,16.06164832374279,9.298891035321908
13,1,7.516287891315168,1,4.905429297105056,1.9050785587721601,3.593117282929875,1.426445008859488,1,8,9,3,3.094570702894944,9.421366450087328,5.980033644422324,17,9.421366450087328,5.71523567631648,7.99492144122784
16,0,7.192278996119432,2,5.2461394980597165,2.188101453134339,3.3141141347761316,0.38601268164179237,0,7,8,7,2.7538605019402835,9.38038044925377,5.919854531059706,15,8.429242800895654,15.946139498059715,8.99436776761198
18,0,7.291486419554742,1,4.7255407413357755,1.4,3.7094661727105818,1.1,2,8,7,4,3.274459258664224,8.691486419554742,4.584242962129913,16,17.382972839109485,6.2404049368831895,7.591486419554742
18,0,6.573818836256265,2,4.682649070175886,1.6302867426884178,3.046909418128133,1.456467906432152,0,9,10,3,3.317350929824114,8.204105578944684,5.486824715198399,19,4.566226754397151,4.890860228065253,6.747637672512532
17,0,7.563520312571843,0,4.2,2.5727040625143687,2.3228317186853418,1.745408125028737,2,8,9,3,3.8,10.136224375086211,9.776275437554599,17,20.272448750172423,9.608417812916686,8.390816250057474
14,0,7.7616615858348155,0,5.270990854502669,1.0139939030017788,3.239693598151868,1.0056859738277,0,9,7,3,2.7290091454973315,8.775655488836595,2.6324923787522234,17,0.0,3.7352743956838634,7.769969515008895
15,1,5.139938997179913,1,4.1044376663533235,2.71568433928685,3.7287602043241335,0.8,1,8,7,3,3.8955623336466765,7.8556233364667625,10.587175023500723,16,7.8556233364667625,8.386687000940027,7.055623336466763
18,0,6.9113161200082045,1,4.455658060004103,2.1226322400164093,3.1742722493412643,1.4930709466858108,0,9,9,3,3.5443419399958978,9.033948360024615,7.477988974052919,19,0.0,6.530483833367519,7.540877413338803
18,0,7.392915526316291,0,4.392915526316291,1.4389646052603995,3.739972723687044,1.1177111842092726,2,9,7,4,3.6070844736837087,8.83188013157669,5.19798376314671,16,17.66376026315338,7.017711184209272,7.714168947367419
15,0,7.306422951945193,2,5.135474317315064,0.7303359557589097,2.514140305568224,0.9645256826849355,1,8,9,3,2.8645256826849357,8.036758907704103,2.1693378997709787,17,13.605632575134175,2.191007867276729,7.072233225019168
18,0,6.952112641823293,2,4.520523153504303,2.2247484371508888,3.236056320911646,1.6726357953275959,0,9,10,3,3.479476846495697,9.176861078974182,7.761991745822947,19,0.5130788376075754,6.674245311452666,7.504225283646586
17,1,5.761691389071108,1,4.1735212654523455,1.4030959564054397,2.775406536757635,0.8,1,7,8,7,3.8264787345476545,7.164787345476547,5.405905091074104,16,7.164787345476547,8.179436203642963,6.364787345476548
15,0,5.3,1,4.412556384231011,1.3874436157689893,2.8607856950583805,0.7220864408662901,0,7,7,10,3.5874436157689895,6.68744361576899,5.0097293556911495,15,0.0,13.874436157689892,5.9653571749026995
13,0,7.351589456376531,0,4.402119275168708,2.3231456342273806,2.882437166444014,1.5747350906039115,1,9,9,3,3.597880724831292,9.67473509060391,8.464138714760372,18,16.924038879183325,6.969436902682141,8.1
13,0,7.8,1,5.001524641945408,1.7933932182365664,3.563647325227467,1.4964425021273817,1,8,9,3,2.998475358054592,9.593393218236566,5.3794173337369955,17,9.635574978726181,5.380179654709699,8.096950716109184
15,0,7.5131428685596005,0,5.243571439274625,1.23914285856995,3.2783142918507853,0.16085714143004998,0,9,7,4,2.7564285607253747,8.75228572712955,3.352099991508797,16,0.0,5.861000014984476,8.591428585699502
14,0,5.4024455215136635,0,4.739026865338539,1.1341485071712212,3.604385448406582,1.7268246274902403,0,9,8,9,3.2609731346614614,6.536594028684885,3.6724417160556606,17,0.0,11.2536746247005,4.809769401194645
15,0,6.9391230232809145,2,4.8,0.9336987402996189,2.91,1.6728217635805334,0,9,9,1,3.2,7.872821763580533,2.9878359689587803,19,3.5054811044942844,2.0554526937377897,6.199999999999999
15,0,7.939395156147279,0,5.643182958888075,1.29242439451841,3.5074248964291628,0.10757560548159004,0,9,7,4,2.356817041111925,9.23181955066569,3.0350748526154607,16,0.0,6.420456142443305,9.124243945184102
19,0,7.432840658016336,0,4.378106227989109,1.5313626320653446,3.6070392011139627,1.1766282020381178,2,8,7,4,3.6218937720108904,8.96420329008168,5.569829282663556,16,17.92840658016336,7.372194124185143,7.787575088043564
13,0,7.252760034515966,0,4.2,2.5105520069031932,2.6025159689356303,1.6211040138063866,2,9,9,3,3.8,9.763312041419159,9.540097626232134,18,19.526624082838318,7.806008200192604,8.142208027612773
18,1,5.992327801630544,1,4.199147533514505,0.9161968632244084,2.421764037499834,0.8,1,7,8,8,3.800852466485495,6.908524664854952,3.483934986412139,16,6.908524664854952,8.102557399456485,6.1085246648549525
16,0,7.4938482973760765,2,5.406151702623924,2.2692414868803823,3.359412695626602,0.3938482973760765,0,7,9,7,2.593848297376076,9.76308978425646,5.888954801165931,16,9.197133142855497,16.106151702623922,9.369241486880384
15,0,5.381024954070092,1,4.2522218501213,2.7414531345687303,3.7490171941981116,0.7531625076549846,1,8,7,3,3.7477781498787,8.122478088638823,10.34155696953906,16,8.122478088638823,9.301621727641546,7.369315580983839
14,0,6.074273567290214,0,5.232313077512021,0.8580395102218084,3.6654823706133084,1.1709027265767018,0,10,8,10,2.7676869224879783,6.932313077512022,2.5121425372247543,18,0.0,8.580395102218084,5.7614103509353205
15,0,7.850421951111328,0,5.55977057916687,1.281302743888916,3.459601798722339,0.118697256111084,0,9,7,4,2.4402294208331297,9.131724695000244,3.1012486738609493,16,0.0,6.303678810833619,9.01302743888916
19,0,7.528604317424128,0,4.314263788383915,1.9144172696965112,3.102683928232927,1.4000767406562982,2,8,7,4,3.685736211616085,9.44302158712064,7.11481632110926,16,18.88604317424128,8.457515597473447,8.04294484646434
18,0,7.368943994946718,1,4.729689608085252,1.8054655878721224,3.1600624146545186,1.3365215929254048,2,8,8,4,3.270310391914748,9.17440958281884,6.119203782594712,16,18.34881916563768,7.22186235148849,7.837887989893435
15,1,6.9788020343953185,1,4.635023126397919,1.3894010171976594,3.0407835332769833,1.1806452355981796,1,7,9,5,3.3649768736020804,8.368203051592978,4.49668223783485,17,8.368203051592978,6.631796948407022,7.187557815994799
15,0,6.683188608491758,0,5.650942168338084,0.6677535598463258,3.6540652135907794,0.676159255600447,0,10,8,10,2.349057831661917,7.350942168338084,1.6330214464900252,18,0.0,6.677535598463257,6.674782912737637
15,0,7.27339099189537,1,4.339481072941668,1.9137369432675913,3.0775502632161125,0.5862630567324089,2,9,9,1,3.660518927058332,9.187127935162962,7.1283005766252705,18,18.374255870325925,3.031315283662044,8.600864878430553
17,1,6.090394593142788,1,4.308504124872166,2.5393698439097925,3.51373203454438,1.2691342809623734,0,9,8,3,3.6914958751278344,8.62976443705258,9.423982904042209,17,3.782043533774722,7.6181095317293765,7.360630156090208
16,0,5.576862311491752,2,4.458207035138144,1.539551758784536,2.4859459296611344,0.3,0,7,7,9,3.5417929648618562,7.116414070276287,5.411568844254125,14,0.0,15.158207035138144,6.816414070276288
14,0,5.815099617736203,0,4.896228425804268,1.2716998725787343,3.2998074250042313,1.4320717016169981,0,9,8,9,3.1037715741957324,7.086799490314937,3.843398413062141,17,0.0,12.27548476772774,5.654727788697939
13,0,7.2,0,4.325872527762021,2.3269252743272215,2.807340659702526,1.521329670148737,2,9,8,3,3.674127472237979,9.52692527432722,8.666094503576613,18,19.05385054865444,7.201052746565201,8.005595604178485
13,0,7.296240063198043,0,4.328320084264058,2.3877199262689497,2.797568096903666,1.583959989466993,1,9,9,3,3.6716799157359423,9.683959989466992,8.842359568146705,18,17.828078967765293,7.163159778806849,8.1
16,0,7.400405327247142,2,5.1002026636235716,1.099392009129286,3.2057681912688336,0.9997973363764288,2,8,8,3,2.899797336376429,8.499797336376428,3.2480746955760718,16,16.999594672752856,4.230563597144524,7.5
13,0,7.3432140187806105,0,4.390952025040814,2.3329169780892878,2.869594828796936,1.5761309968698982,1,9,9,3,3.6090479749591857,9.676130996869897,8.521370871665829,18,17.06083769325003,6.998750934267863,8.1
13,0,7.234954824745131,0,4.2,2.506990964949026,2.6185406577293824,1.6139819298980524,2,9,9,3,3.8,9.741945789694157,9.526565666806299,18,19.483891579388313,7.702737983521757,8.127963859796104
18,0,7.105834093828584,1,4.627000912594301,2.194165906171416,3.2896335462720034,1.5306654498742656,0,9,9,3,3.372999087405699,9.3,7.514479485227364,18,0.0,6.857666362468566,7.769334550125735
18,0,6.209697221411876,1,4.6193944428237526,1.1096972214118763,2.759495369019794,1.1494953690197938,1,8,9,4,3.3806055571762474,7.319394442823753,3.7135761099766267,18,7.319394442823753,4.954541678821855,6.169899073803959
